Date,Open,High,Low,Close,Adj Close,Volume,trading_time,score
2014-01-28,18.17,18.392857,17.93107,18.089287,16.087397,1065523200.0,2014-01-28 09:30:00+00:00,0.0392780219780219
2014-01-29,17.998215,18.120358,17.807858,17.883928,15.904763,502810000.0,2014-01-29 09:30:00+00:00,0.0265395604395604
2014-01-30,17.947857,18.089287,17.739286,17.849285,15.87396,678501600.0,2014-01-30 09:30:00+00:00,0.0296518518518518
2014-01-31,17.684999,17.911785,17.626785,17.878571,15.900002,464797200.0,2014-01-31 09:30:00+00:00,0.2138166666666666
2014-02-03,17.950357,18.133215,17.832144,17.911785,15.929543,401464000.0,2014-02-03 09:30:00+00:00,-0.0286568181818181
2014-02-04,18.066071,18.195,17.955713,18.17107,16.160128,376681200.0,2014-02-04 09:30:00+00:00,0.1052821428571428
2014-02-05,18.091429,18.402857,18.080357,18.306786,16.280825,328344800.0,2014-02-05 09:30:00+00:00,-0.0543882352941176
2014-02-06,18.216429,18.339287,18.13607,18.303928,16.375721,257765200.0,2014-02-06 09:30:00+00:00,-0.0526357142857142
2014-02-07,18.620714,18.676071,18.477858,18.559999,16.604816,370280400.0,2014-02-07 09:30:00+00:00,0.0642416666666666
2014-02-10,18.523571,18.999643,18.5,18.8925,16.902294,345559200.0,2014-02-10 09:30:00+00:00,0.0603767857142857
2014-02-11,18.950357,19.205357,18.910713,19.14143,17.124998,282256800.0,2014-02-11 09:30:00+00:00,0.0413315789473684
2014-02-12,19.176786,19.27,19.044287,19.139999,17.123722,308100800.0,2014-02-12 09:30:00+00:00,-0.12443
2014-02-13,19.094999,19.458929,19.078571,19.44393,17.395634,307398000.0,2014-02-13 09:30:00+00:00,-0.0691538461538461
2014-02-14,19.373928,19.499287,19.32893,19.428213,17.381573,272924400.0,2014-02-14 09:30:00+00:00,0.0241630434782608
2014-02-18,19.5,19.685356,19.486071,19.499643,17.445478,260251600.0,2014-02-18 09:30:00+00:00,-0.0620749999999999
2014-02-19,19.455357,19.531786,19.083929,19.191786,17.17005,313768000.0,2014-02-19 09:30:00+00:00,0.2404611111111111
2014-02-20,19.035357,19.178572,18.892857,18.969643,16.971313,305858000.0,2014-02-20 09:30:00+00:00,0.0158954545454545
2014-02-21,19.028214,19.091785,18.735714,18.758928,16.782791,278784800.0,2014-02-21 09:30:00+00:00,0.141336
2014-02-24,18.683929,18.925714,18.657858,18.84107,16.856277,288909600.0,2014-02-24 09:30:00+00:00,0.0802783783783784
2014-02-25,18.906429,18.913214,18.607143,18.645,16.680864,231952000.0,2014-02-25 09:30:00+00:00,0.01449
2014-02-26,18.700357,18.75,18.414286,18.476786,16.530373,276217200.0,2014-02-26 09:30:00+00:00,0.1422
2014-02-27,18.469286,18.885,18.430357,18.845358,16.860119,301882000.0,2014-02-27 09:30:00+00:00,0.0974894736842105
2014-02-28,18.895714,19.026787,18.647142,18.794287,16.81443,371968800.0,2014-02-28 09:30:00+00:00,0.21476
2014-03-03,18.693571,18.951786,18.671785,18.848572,16.862997,238781200.0,2014-03-03 09:30:00+00:00,0.0428315789473684
2014-03-04,18.964287,19.022858,18.848928,18.972857,16.974184,259140000.0,2014-03-04 09:30:00+00:00,0.0696725
2014-03-05,18.96143,19.098213,18.897499,19.012857,17.009974,200062800.0,2014-03-05 09:30:00+00:00,0.0824097560975609
2014-03-06,19.028214,19.087143,18.860714,18.955357,16.958532,185488800.0,2014-03-06 09:30:00+00:00,0.0276649999999999
2014-03-07,18.967501,18.999287,18.7875,18.944286,16.948626,220729600.0,2014-03-07 09:30:00+00:00,-0.1707108108108108
2014-03-10,18.870001,19.047501,18.869286,18.96143,16.963964,178584000.0,2014-03-10 09:30:00+00:00,-0.026705
2014-03-11,19.123215,19.240713,19.02107,19.14607,17.12916,279224400.0,2014-03-11 09:30:00+00:00,0.1507125
2014-03-12,19.089643,19.191071,19.0,19.164642,17.145763,199326400.0,2014-03-12 09:30:00+00:00,0.0466291666666666
2014-03-13,19.194286,19.273571,18.898571,18.951786,16.955339,257742800.0,2014-03-13 09:30:00+00:00,-0.0031071428571428
2014-03-14,18.885357,18.960358,18.678572,18.73893,16.764904,237199200.0,2014-03-14 09:30:00+00:00,0.0296894736842105
2014-03-17,18.84643,18.9275,18.780357,18.812143,16.830399,199544800.0,2014-03-17 09:30:00+00:00,0.0267176470588235
2014-03-18,18.782143,18.998928,18.757143,18.978571,16.979303,209647200.0,2014-03-18 09:30:00+00:00,-0.1072333333333333
2014-03-19,19.009287,19.151428,18.892857,18.973572,16.974831,224756000.0,2014-03-19 09:30:00+00:00,-0.0250596153846153
2014-03-20,18.924643,19.02393,18.833929,18.882143,16.893034,208398400.0,2014-03-20 09:30:00+00:00,-0.1136733333333333
2014-03-21,18.997499,19.0625,18.797501,19.031071,17.026272,374046400.0,2014-03-21 09:30:00+00:00,-0.1624214285714285
2014-03-24,19.229286,19.303572,19.109285,19.256786,17.228205,355700800.0,2014-03-24 09:30:00+00:00,-0.1820857142857143
2014-03-25,19.339287,19.491072,19.27107,19.463928,17.413528,282293200.0,2014-03-25 09:30:00+00:00,0.0137296296296296
2014-03-26,19.518572,19.607143,19.245001,19.277857,17.247059,299768000.0,2014-03-26 09:30:00+00:00,-0.0153772727272727
2014-03-27,19.286428,19.339287,19.111429,19.195,17.17293,222031600.0,2014-03-27 09:30:00+00:00,-0.003276923076923
2014-03-28,19.225714,19.247856,19.080357,19.173571,17.153755,200564000.0,2014-03-28 09:30:00+00:00,0.1494923076923077
2014-03-31,19.258215,19.314644,19.140356,19.169287,17.149929,168669200.0,2014-03-31 09:30:00+00:00,-0.0393142857142857
2014-04-01,19.205713,19.352501,19.170357,19.344643,17.306803,200760000.0,2014-04-01 09:30:00+00:00,-0.1085428571428571
2014-04-02,19.370714,19.41,19.295,19.376785,17.335567,180420800.0,2014-04-02 09:30:00+00:00,-0.0254472222222222
2014-04-03,19.335358,19.375,19.201429,19.2425,17.215427,162344000.0,2014-04-03 09:30:00+00:00,-0.0266046511627906
2014-04-04,19.278929,19.285713,18.949286,18.99357,16.992723,275251200.0,2014-04-04 09:30:00+00:00,0.114132
2014-04-07,18.857857,18.960714,18.638929,18.695356,16.72592,289850400.0,2014-04-07 09:30:00+00:00,-0.0470399999999999
2014-04-08,18.756786,18.790001,18.525,18.694286,16.724955,243888400.0,2014-04-08 09:30:00+00:00,0.03011
2014-04-09,18.665714,18.946072,18.643572,18.940001,16.94479,206169600.0,2014-04-09 09:30:00+00:00,0.1039799999999999
2014-04-10,18.952856,19.008572,18.684643,18.695715,16.726238,239652000.0,2014-04-10 09:30:00+00:00,-0.1288590909090908
2014-04-11,18.535713,18.672501,18.469286,18.557501,16.602583,271717600.0,2014-04-11 09:30:00+00:00,-0.0109172413793103
2014-04-14,18.639286,18.648571,18.471786,18.63143,16.668728,205674000.0,2014-04-14 09:30:00+00:00,0.0673647058823529
2014-04-15,18.581072,18.629999,18.261786,18.498571,16.549862,266490000.0,2014-04-15 09:30:00+00:00,0.0
2014-04-16,18.501785,18.610357,18.362143,18.536072,16.583418,214765600.0,2014-04-16 09:30:00+00:00,0.10383
2014-04-17,18.571428,18.848572,18.542856,18.747856,16.772892,284334400.0,2014-04-17 09:30:00+00:00,-0.0568736842105263
2014-04-21,18.762142,19.004999,18.712856,18.970358,16.971952,182548800.0,2014-04-21 09:30:00+00:00,-0.1345862068965517
2014-04-22,18.868214,18.993929,18.803572,18.989286,16.988882,202563200.0,2014-04-22 09:30:00+00:00,0.0767076923076923
2014-04-23,18.895,18.968929,18.730356,18.741072,16.766815,394940000.0,2014-04-23 09:30:00+00:00,0.095885294117647
2014-04-24,20.293215,20.357143,20.026072,20.2775,18.141397,759911600.0,2014-04-24 09:30:00+00:00,0.1134444444444444
2014-04-25,20.161785,20.428213,20.14143,20.42643,18.274639,390275200.0,2014-04-25 09:30:00+00:00,0.139315873015873
2014-04-28,20.457144,21.276787,20.448214,21.217501,18.98237,669485600.0,2014-04-28 09:30:00+00:00,-0.0807179487179487
2014-04-29,21.205,21.285,21.053928,21.154642,18.92614,337377600.0,2014-04-29 09:30:00+00:00,-0.1725857142857142
2014-04-30,21.165714,21.408215,21.064285,21.074642,18.854563,456640800.0,2014-04-30 09:30:00+00:00,-0.0994460317460317
2014-05-01,21.142857,21.242857,20.941429,21.124287,18.898979,244048000.0,2014-05-01 09:30:00+00:00,-0.0357333333333333
2014-05-02,21.155001,21.22143,21.061071,21.16357,18.934124,191514400.0,2014-05-02 09:30:00+00:00,0.0081461538461538
2014-05-05,21.076429,21.464287,21.071428,21.462856,19.201878,287067200.0,2014-05-05 09:30:00+00:00,-0.0132922413793103
2014-05-06,21.492857,21.586071,21.22893,21.22893,18.992601,374564400.0,2014-05-06 09:30:00+00:00,-0.0402414634146341
2014-05-07,21.258928,21.331785,20.990356,21.154642,18.92614,282864400.0,2014-05-07 09:30:00+00:00,0.0176862068965517
2014-05-08,21.008928,21.22893,20.942858,20.999643,18.892403,230297200.0,2014-05-08 09:30:00+00:00,0.1446176470588235
2014-05-09,20.876429,20.9375,20.72607,20.912144,18.813681,291597600.0,2014-05-09 09:30:00+00:00,0.1222333333333333
2014-05-12,20.981787,21.202143,20.978571,21.172501,19.047913,213208800.0,2014-05-12 09:30:00+00:00,0.0340305785123967
2014-05-13,21.142857,21.23357,21.09643,21.205713,19.077789,159737200.0,2014-05-13 09:30:00+00:00,0.0069264705882352
2014-05-14,21.158215,21.335714,21.133572,21.209642,19.081324,166404000.0,2014-05-14 09:30:00+00:00,0.0438818181818181
2014-05-15,21.239286,21.307142,21.001429,21.029285,18.919067,230846000.0,2014-05-15 09:30:00+00:00,0.0735
2014-05-16,21.022499,21.340357,20.907143,21.339643,19.198277,276256400.0,2014-05-16 09:30:00+00:00,0.0753882352941176
2014-05-19,21.351786,21.690357,21.333214,21.592501,19.425768,317755200.0,2014-05-19 09:30:00+00:00,-0.0613965517241379
2014-05-20,21.589643,21.657143,21.454643,21.596786,19.429621,234836000.0,2014-05-20 09:30:00+00:00,-0.0293
2014-05-21,21.565357,21.667856,21.502144,21.653929,19.481035,196859600.0,2014-05-21 09:30:00+00:00,-0.0830777777777777
2014-05-22,21.664286,21.780357,21.575001,21.688213,19.511877,200760000.0,2014-05-22 09:30:00+00:00,0.1744343749999999
2014-05-23,21.6875,21.954643,21.659643,21.933214,19.732288,232209600.0,2014-05-23 09:30:00+00:00,-0.126357894736842
2014-05-27,21.995714,22.352142,21.986786,22.343929,20.101791,348866000.0,2014-05-27 09:30:00+00:00,0.1781727272727272
2014-05-28,22.357857,22.493929,22.277857,22.286072,20.049742,315481600.0,2014-05-28 09:30:00+00:00,0.174225
2014-05-29,22.423214,22.745358,22.420357,22.692142,20.415056,376474000.0,2014-05-29 09:30:00+00:00,-0.0322520833333333
2014-05-30,22.785,23.006071,22.460714,22.607143,20.338593,564020800.0,2014-05-30 09:30:00+00:00,0.0755575342465753
2014-06-02,22.64143,22.672501,22.232143,22.451786,20.198822,369350800.0,2014-06-02 09:30:00+00:00,0.0290541666666666
2014-06-03,22.445,22.812143,22.4375,22.769285,20.484461,292709200.0,2014-06-03 09:30:00+00:00,0.0462264423076923
2014-06-04,22.765715,23.138929,22.718214,23.029285,20.718378,335482000.0,2014-06-04 09:30:00+00:00,0.1219574257425742
2014-06-05,23.078571,23.191786,22.950357,23.119642,20.799664,303805600.0,2014-06-05 09:30:00+00:00,-0.1095
2014-06-06,23.210714,23.259287,23.016787,23.05607,20.742474,349938400.0,2014-06-06 09:30:00+00:00,0.1013999999999999
2014-06-09,23.174999,23.469999,22.9375,23.424999,21.074381,301660000.0,2014-06-09 09:30:00+00:00,0.0207060606060605
2014-06-11,23.532499,23.690001,23.3675,23.465,21.110369,182724000.0,2014-06-11 09:30:00+00:00,0.0210281249999999
2014-06-12,23.51,23.530001,22.975,23.0725,20.757256,218996000.0,2014-06-12 09:30:00+00:00,-0.0325170212765957
2014-06-13,23.049999,23.110001,22.719999,22.82,20.530088,218100000.0,2014-06-13 09:30:00+00:00,0.0694999999999999
2014-06-16,22.877501,23.1875,22.862499,23.049999,20.737011,142244000.0,2014-06-16 09:30:00+00:00,0.0635363636363636
2014-06-19,23.0725,23.075001,22.834999,22.965,20.660538,142112000.0,2014-06-19 09:30:00+00:00,0.0269186046511627
2014-06-20,22.9625,23.137501,22.725,22.727501,20.446875,403592000.0,2014-06-20 09:30:00+00:00,-0.0176111111111111
2014-06-23,22.83,22.905001,22.65,22.7075,20.428877,174776000.0,2014-06-23 09:30:00+00:00,0.0171122448979591
2014-06-24,22.6875,22.934999,22.547501,22.57,20.305176,156144000.0,2014-06-24 09:30:00+00:00,-0.0083538461538461
2014-06-25,22.5525,22.674999,22.4125,22.59,20.323168,147476000.0,2014-06-25 09:30:00+00:00,-0.0212
2014-06-26,22.592501,22.762501,22.450001,22.725,20.444624,130516000.0,2014-06-26 09:30:00+00:00,0.0957437499999999
2014-06-27,22.705,23.0,22.692499,22.995001,20.687529,256116000.0,2014-06-27 09:30:00+00:00,-0.0576473684210526
2014-06-30,23.025,23.432501,23.022499,23.2325,20.901197,197929200.0,2014-06-30 09:30:00+00:00,-0.0784826086956521
2014-07-01,23.379999,23.5175,23.282499,23.379999,21.033895,152892000.0,2014-07-01 09:30:00+00:00,0.0705230769230769
2014-07-02,23.467501,23.514999,23.272499,23.370001,21.024902,113860000.0,2014-07-02 09:30:00+00:00,-0.0502545454545454
2014-07-03,23.4175,23.525,23.299999,23.5075,21.148598,91567200.0,2014-07-03 09:30:00+00:00,0.22135
2014-07-07,23.535,23.997499,23.525,23.9925,21.58493,225872000.0,2014-07-07 09:30:00+00:00,0.0717653846153846
2014-07-08,24.067499,24.200001,23.48,23.8375,21.445482,260888000.0,2014-07-08 09:30:00+00:00,0.3082875
2014-07-09,23.860001,23.987499,23.690001,23.8475,21.454479,145744000.0,2014-07-09 09:30:00+00:00,-0.13696
2014-07-10,23.440001,23.887501,23.379999,23.76,21.375765,158744000.0,2014-07-10 09:30:00+00:00,-0.0606461538461538
2014-07-11,23.84,23.9725,23.715,23.805,21.416246,136072000.0,2014-07-11 09:30:00+00:00,0.1085714285714285
2014-07-14,23.965,24.2225,23.9125,24.112499,21.692892,171240000.0,2014-07-14 09:30:00+00:00,-0.0574870967741935
2014-07-15,24.200001,24.2125,23.7575,23.83,21.438738,181911600.0,2014-07-15 09:30:00+00:00,-0.0655782608695652
2014-07-16,24.2425,24.275,23.684999,23.695,21.317282,213585200.0,2014-07-16 09:30:00+00:00,-0.048240909090909
2014-07-17,23.7575,23.82,23.1425,23.272499,20.937178,229192000.0,2014-07-17 09:30:00+00:00,-0.0214513513513513
2014-07-18,23.405001,23.684999,23.254999,23.6075,21.238562,199952000.0,2014-07-18 09:30:00+00:00,0.0389199999999999
2014-07-21,23.747499,23.75,23.43,23.485001,21.128363,156316000.0,2014-07-21 09:30:00+00:00,-0.03114375
2014-07-22,23.67,23.7225,23.530001,23.68,21.303789,220788000.0,2014-07-22 09:30:00+00:00,0.0245285714285714
2014-07-23,23.855,24.469999,23.7925,24.297501,21.859327,371672000.0,2014-07-23 09:30:00+00:00,0.0629275862068965
2014-07-24,24.26,24.33,24.105,24.2575,21.823339,182916000.0,2014-07-24 09:30:00+00:00,0.1011180327868852
2014-07-25,24.2125,24.459999,24.16,24.4175,21.967291,173876000.0,2014-07-25 09:30:00+00:00,-0.0362023255813953
2014-07-28,24.455,24.809999,24.387501,24.754999,22.270914,221272000.0,2014-07-28 09:30:00+00:00,0.0218903846153846
2014-07-29,24.8325,24.860001,24.5625,24.594999,22.126974,172572000.0,2014-07-29 09:30:00+00:00,0.0348029411764705
2014-07-30,24.610001,24.674999,24.4175,24.5375,22.075243,132040000.0,2014-07-30 09:30:00+00:00,-0.0325
2014-07-31,24.290001,24.362499,23.8325,23.9,21.501711,227372000.0,2014-07-31 09:30:00+00:00,0.0246785714285714
2014-08-01,23.725,24.155001,23.702499,24.032499,21.620918,194044000.0,2014-08-01 09:30:00+00:00,-0.0330238095238095
2014-08-04,24.092501,24.145,23.7925,23.897499,21.499468,159832000.0,2014-08-04 09:30:00+00:00,0.1507816326530612
2014-08-05,23.84,23.92,23.59,23.780001,21.393761,223732000.0,2014-08-05 09:30:00+00:00,0.025675
2014-08-06,23.6875,23.870001,23.6775,23.74,21.357773,154232000.0,2014-08-06 09:30:00+00:00,0.0490727272727272
2014-08-07,23.7325,23.987499,23.525,23.620001,21.355511,186844000.0,2014-08-07 09:30:00+00:00,-0.1533377358490565
2014-08-08,23.565001,23.705,23.32,23.684999,21.414276,167460000.0,2014-08-08 09:30:00+00:00,0.0556882352941176
2014-08-11,23.817499,24.02,23.709999,23.997499,21.696821,146340000.0,2014-08-11 09:30:00+00:00,-0.2181088235294118
2014-08-12,24.01,24.219999,23.9025,23.9925,21.692297,135180000.0,2014-08-12 09:30:00+00:00,0.1377307692307692
2014-08-13,24.0375,24.309999,24.01,24.309999,21.979355,127664000.0,2014-08-13 09:30:00+00:00,0.0365962264150943
2014-08-14,24.3325,24.3925,24.200001,24.375,22.038126,112464000.0,2014-08-14 09:30:00+00:00,0.0028
2014-08-15,24.475,24.547501,24.215,24.495001,22.146624,195804000.0,2014-08-15 09:30:00+00:00,0.0257761904761904
2014-08-18,24.622499,24.842501,24.495001,24.790001,22.413343,190288000.0,2014-08-18 09:30:00+00:00,-0.1023666666666666
2014-08-19,24.852501,25.17,24.83,25.1325,22.723003,277596000.0,2014-08-19 09:30:00+00:00,0.0464181818181818
2014-08-20,25.110001,25.272499,24.987499,25.1425,22.732048,210796000.0,2014-08-20 09:30:00+00:00,0.1657428571428571
2014-08-21,25.1425,25.235001,25.0275,25.145,22.734304,133912000.0,2014-08-21 09:30:00+00:00,0.0370285714285714
2014-08-22,25.0725,25.3675,25.047501,25.33,22.901569,176736000.0,2014-08-22 09:30:00+00:00,0.0158437499999999
2014-08-25,25.4475,25.5425,25.32,25.385,22.951302,161080000.0,2014-08-25 09:30:00+00:00,0.052465306122449
2014-08-26,25.355,25.375,25.215,25.2225,22.804375,132608000.0,2014-08-26 09:30:00+00:00,0.0842588235294117
2014-08-27,25.254999,25.6425,25.174999,25.532499,23.08465,209476000.0,2014-08-27 09:30:00+00:00,0.0642333333333333
2014-08-28,25.397499,25.695,25.389999,25.5625,23.111784,273840000.0,2014-08-28 09:30:00+00:00,-0.0142027777777777
2014-08-29,25.715,25.725,25.549999,25.625,23.168289,178380000.0,2014-08-29 09:30:00+00:00,0.0235
2014-09-02,25.764999,25.934999,25.68,25.825001,23.349112,214256000.0,2014-09-02 09:30:00+00:00,-0.0030204081632653
2014-09-03,25.775,25.799999,24.645,24.735001,22.363607,501684000.0,2014-09-03 09:30:00+00:00,-0.077365909090909
2014-09-04,24.7125,25.022499,24.4475,24.530001,22.178268,342872000.0,2014-09-04 09:30:00+00:00,-0.0523343434343434
2014-09-05,24.700001,24.8475,24.577499,24.7425,22.370398,233828000.0,2014-09-05 09:30:00+00:00,-0.0887343283582089
2014-09-08,24.825001,24.827499,24.512501,24.59,22.23251,185426800.0,2014-09-08 09:30:00+00:00,0.0021786259541984
2014-09-09,24.77,25.77,24.035,24.497499,22.148888,759385200.0,2014-09-09 09:30:00+00:00,0.0325052083333333
2014-09-10,24.502501,25.2775,24.440001,25.25,22.829239,403478400.0,2014-09-10 09:30:00+00:00,0.0343836032388663
2014-09-11,25.102501,25.360001,24.905001,25.3575,22.926432,249412400.0,2014-09-11 09:30:00+00:00,0.0561690476190476
2014-09-12,25.3025,25.547501,25.27,25.415001,22.978426,250504400.0,2014-09-12 09:30:00+00:00,0.0071724770642201
2014-09-15,25.702499,25.762501,25.360001,25.407499,22.971636,245266000.0,2014-09-15 09:30:00+00:00,-0.0211301204819277
2014-09-16,24.950001,25.315001,24.7225,25.215,22.797596,267632400.0,2014-09-16 09:30:00+00:00,0.0681978494623656
2014-09-17,25.317499,25.450001,25.147499,25.395,22.960335,243706000.0,2014-09-17 09:30:00+00:00,0.0685068965517241
2014-09-18,25.4825,25.5875,25.389999,25.4475,23.007807,149197600.0,2014-09-18 09:30:00+00:00,0.053795744680851
2014-09-19,25.5725,25.5875,25.125,25.24,22.8202,283609600.0,2014-09-19 09:30:00+00:00,0.0102106194690265
2014-09-22,25.450001,25.535,25.145,25.264999,22.842804,211153600.0,2014-09-22 09:30:00+00:00,0.0043084415584415
2014-09-23,25.15,25.735001,25.135,25.66,23.199932,253608800.0,2014-09-23 09:30:00+00:00,-0.012356338028169
2014-09-24,25.540001,25.7125,25.299999,25.4375,22.998766,240687200.0,2014-09-24 09:30:00+00:00,-0.0547893617021276
2014-09-25,25.127501,25.1775,24.43,24.467501,22.121767,400368000.0,2014-09-25 09:30:00+00:00,-0.0252015624999999
2014-09-26,24.6325,25.1875,24.6,25.1875,22.77273,249482000.0,2014-09-26 09:30:00+00:00,-0.0618260273972602
2014-09-29,24.6625,25.110001,24.657499,25.0275,22.628071,199065200.0,2014-09-29 09:30:00+00:00,-0.0483415999999999
2014-09-30,25.202499,25.385,25.1325,25.1875,22.77273,221056400.0,2014-09-30 09:30:00+00:00,-0.1495828571428571
2014-10-01,25.147499,25.172501,24.674999,24.795,22.417862,205965200.0,2014-10-01 09:30:00+00:00,-0.0049710843373494
2014-10-02,24.817499,25.055,24.51,24.975,22.580605,191031200.0,2014-10-02 09:30:00+00:00,-0.0890225
2014-10-03,24.860001,25.0525,24.76,24.905001,22.517311,173878400.0,2014-10-03 09:30:00+00:00,-0.0668230769230769
2014-10-06,24.987499,25.1625,24.855,24.905001,22.517311,148204800.0,2014-10-06 09:30:00+00:00,-0.0070661764705882
2014-10-07,24.8575,25.030001,24.682501,24.6875,22.320663,168376800.0,2014-10-07 09:30:00+00:00,0.0405886363636363
2014-10-08,24.690001,25.2775,24.577499,25.200001,22.784031,229618800.0,2014-10-08 09:30:00+00:00,-0.0024333333333333
2014-10-09,25.385,25.594999,25.1525,25.254999,22.833757,309506000.0,2014-10-09 09:30:00+00:00,0.1041046875
2014-10-10,25.172501,25.5075,25.075001,25.182501,22.768208,265326400.0,2014-10-10 09:30:00+00:00,0.1170757575757575
2014-10-13,25.3325,25.445,24.952499,24.952499,22.560261,214333600.0,2014-10-13 09:30:00+00:00,0.0147376811594202
2014-10-14,25.0975,25.129999,24.6425,24.6875,22.320663,254754400.0,2014-10-14 09:30:00+00:00,-0.0330699999999999
2014-10-15,24.4925,24.7875,23.795,24.385,22.047163,403734400.0,2014-10-15 09:30:00+00:00,-0.0501243902439024
2014-10-16,23.887501,24.43,23.852501,24.065001,21.757851,288618000.0,2014-10-16 09:30:00+00:00,-0.0510737499999999
2014-10-20,24.58,24.99,24.555,24.940001,22.548958,310069200.0,2014-10-20 09:30:00+00:00,0.0469440217391304
2014-10-21,25.754999,25.754999,25.317499,25.6175,23.161505,378495600.0,2014-10-21 09:30:00+00:00,0.0372373626373626
2014-10-22,25.709999,26.0275,25.65,25.747499,23.279045,273052400.0,2014-10-22 09:30:00+00:00,0.0713739130434782
2014-10-23,26.02,26.262501,25.907499,26.2075,23.694935,284298800.0,2014-10-23 09:30:00+00:00,-0.0080443037974683
2014-10-24,26.295,26.372499,26.1325,26.305,23.783096,188215600.0,2014-10-24 09:30:00+00:00,0.10317
2014-10-27,26.2125,26.370001,26.174999,26.2775,23.758228,136750800.0,2014-10-27 09:30:00+00:00,0.1016014492753623
2014-10-28,26.35,26.684999,26.3375,26.684999,24.126661,192243600.0,2014-10-28 09:30:00+00:00,-0.1193760869565217
2014-10-29,26.6625,26.842501,26.59,26.834999,24.26228,210751600.0,2014-10-29 09:30:00+00:00,-0.0483575
2014-10-30,26.74,26.8375,26.475,26.745001,24.180908,162619200.0,2014-10-30 09:30:00+00:00,-0.12914
2014-10-31,27.002501,27.01,26.8025,27.0,24.411461,178557200.0,2014-10-31 09:30:00+00:00,0.197625
2014-11-03,27.055,27.575001,27.002501,27.35,24.727909,209130400.0,2014-11-03 09:30:00+00:00,0.0647602409638554
2014-11-04,27.34,27.372499,26.93,27.15,24.547081,166297600.0,2014-11-04 09:30:00+00:00,0.025025
2014-11-05,27.275,27.325001,27.032499,27.215,24.605852,149743600.0,2014-11-05 09:30:00+00:00,0.0782529411764705
2014-11-06,27.15,27.1975,26.950001,27.174999,24.676222,139874000.0,2014-11-06 09:30:00+00:00,0.0124461538461538
2014-11-07,27.1875,27.33,27.137501,27.252501,24.746599,134766000.0,2014-11-07 09:30:00+00:00,0.0115406249999999
2014-11-10,27.254999,27.3325,27.1675,27.2075,24.705734,108782000.0,2014-11-10 09:30:00+00:00,-0.1488076923076923
2014-11-11,27.174999,27.4375,27.1,27.424999,24.903233,109769200.0,2014-11-11 09:30:00+00:00,-0.1588542857142857
2014-11-12,27.344999,27.8575,27.342501,27.8125,25.25511,187769600.0,2014-11-12 09:30:00+00:00,-0.1877647058823528
2014-11-13,27.950001,28.362499,27.9,28.205,25.611517,238091600.0,2014-11-13 09:30:00+00:00,0.0022545454545454
2014-11-14,28.2875,28.547501,27.8025,28.545,25.92025,176254400.0,2014-11-14 09:30:00+00:00,-0.1199076923076922
2014-11-17,28.567499,29.32,28.325001,28.497499,25.877115,186986800.0,2014-11-17 09:30:00+00:00,0.0599024999999999
2014-11-19,28.860001,28.934999,28.450001,28.6675,26.031487,167476800.0,2014-11-19 09:30:00+00:00,0.0085499999999999
2014-11-20,28.727501,29.215,28.7125,29.077499,26.403788,173582000.0,2014-11-20 09:30:00+00:00,0.0634827586206896
2014-11-21,29.377501,29.3925,29.0075,29.1175,26.440109,228717200.0,2014-11-21 09:30:00+00:00,0.1032340909090909
2014-11-24,29.2125,29.692499,29.155001,29.657499,26.930452,189803200.0,2014-11-24 09:30:00+00:00,0.0817466666666666
2014-11-25,29.7675,29.9375,29.362499,29.4,26.696634,275361600.0,2014-11-25 09:30:00+00:00,0.0285105263157894
2014-11-26,29.485001,29.775,29.4575,29.75,27.014446,163073200.0,2014-11-26 09:30:00+00:00,0.1605428571428571
2014-11-28,29.817499,29.85,29.512501,29.7325,26.998556,99257600.0,2014-11-28 09:30:00+00:00,-0.00039
2014-12-01,29.702499,29.8125,27.817499,28.7675,26.122288,335256000.0,2014-12-01 09:30:00+00:00,0.0424666666666666
2014-12-02,28.375,28.9375,28.1875,28.657499,26.022408,237395600.0,2014-12-02 09:30:00+00:00,0.0326447368421052
2014-12-03,28.9375,29.0875,28.7775,28.9825,26.317518,172253600.0,2014-12-03 09:30:00+00:00,-0.0789827586206896
2014-12-04,28.942499,29.299999,28.8225,28.872499,26.21764,168178000.0,2014-12-04 09:30:00+00:00,0.0959185185185185
2014-12-05,28.997499,29.02,28.66,28.75,26.1064,153275600.0,2014-12-05 09:30:00+00:00,0.00789
2014-12-08,28.525,28.6625,27.905001,28.1,25.516169,230659600.0,2014-12-08 09:30:00+00:00,-0.1130876543209876
2014-12-09,27.547501,28.575001,27.3375,28.530001,25.906631,240832000.0,2014-12-09 09:30:00+00:00,0.1269038461538461
2014-12-10,28.602501,28.7125,27.885,27.987499,25.414015,178261200.0,2014-12-10 09:30:00+00:00,0.142421875
2014-12-11,28.065001,28.450001,27.834999,27.905001,25.339096,165606800.0,2014-12-11 09:30:00+00:00,0.0216666666666666
2014-12-12,27.615,27.967501,27.395,27.432501,24.910049,224112400.0,2014-12-12 09:30:00+00:00,-0.0417592592592592
2014-12-15,27.674999,27.9,26.5875,27.057501,24.569529,268872400.0,2014-12-15 09:30:00+00:00,-0.0191704545454545
2014-12-16,26.592501,27.540001,26.565001,26.6875,24.233551,243162800.0,2014-12-16 09:30:00+00:00,0.0345333333333333
2014-12-17,26.780001,27.459999,26.705,27.352501,24.837404,213647200.0,2014-12-17 09:30:00+00:00,0.1239109090909091
2014-12-18,27.967501,28.1625,27.665001,28.1625,25.572922,236024800.0,2014-12-18 09:30:00+00:00,0.0534484848484848
2014-12-19,28.065001,28.309999,27.915001,27.945,25.375418,353719200.0,2014-12-19 09:30:00+00:00,0.0652466666666666
2014-12-22,28.040001,28.372499,27.9925,28.235001,25.638754,180670000.0,2014-12-22 09:30:00+00:00,-0.2218458333333333
2014-12-23,28.307501,28.3325,28.115,28.135,25.547955,104113600.0,2014-12-23 09:30:00+00:00,-0.0303823529411764
2014-12-24,28.145,28.1775,28.002501,28.002501,25.427635,57918400.0,2014-12-24 09:30:00+00:00,0.2775538461538461
2014-12-26,28.025,28.629999,28.002501,28.497499,25.877115,134884000.0,2014-12-26 09:30:00+00:00,0.06541
2014-12-29,28.4475,28.692499,28.424999,28.477501,25.858952,110395600.0,2014-12-29 09:30:00+00:00,-0.018590909090909
2014-12-30,28.41,28.48,28.0275,28.129999,25.543413,119526000.0,2014-12-30 09:30:00+00:00,-0.0831684210526315
2014-12-31,28.205,28.282499,27.5525,27.594999,25.057606,165613600.0,2014-12-31 09:30:00+00:00,0.0899590909090909
2015-01-02,27.8475,27.860001,26.8375,27.3325,24.819241,212818400.0,2015-01-02 09:30:00+00:00,0.09537
2015-01-05,27.0725,27.1625,26.352501,26.5625,24.120045,257142000.0,2015-01-05 09:30:00+00:00,0.0621411764705882
2015-01-06,26.635,26.8575,26.157499,26.565001,24.12232,263188400.0,2015-01-06 09:30:00+00:00,0.04252
2015-01-07,26.799999,27.049999,26.674999,26.9375,24.460564,160423600.0,2015-01-07 09:30:00+00:00,0.03215
2015-01-08,27.307501,28.0375,27.174999,27.9725,25.400398,237458000.0,2015-01-08 09:30:00+00:00,-0.1108756097560975
2015-01-09,28.1675,28.3125,27.5525,28.002501,25.427635,214798000.0,2015-01-09 09:30:00+00:00,0.0110894736842105
2015-01-12,28.15,28.157499,27.200001,27.3125,24.801083,198603200.0,2015-01-12 09:30:00+00:00,-0.03068
2015-01-13,27.8575,28.200001,27.227501,27.555,25.021282,268367600.0,2015-01-13 09:30:00+00:00,-0.07802
2015-01-14,27.26,27.622499,27.125,27.450001,24.925943,195826400.0,2015-01-14 09:30:00+00:00,0.2192
2015-01-15,27.5,27.514999,26.665001,26.705,24.249435,240056000.0,2015-01-15 09:30:00+00:00,0.0212405405405405
2015-01-16,26.7575,26.895,26.299999,26.497499,24.061016,314053200.0,2015-01-16 09:30:00+00:00,0.0140114285714285
2015-01-20,26.959999,27.2425,26.625,27.18,24.680767,199599600.0,2015-01-20 09:30:00+00:00,0.0983833333333333
2015-01-21,27.237499,27.764999,27.067499,27.387501,24.869184,194303600.0,2015-01-21 09:30:00+00:00,0.0
2015-01-22,27.565001,28.1175,27.43,28.1,25.516169,215185600.0,2015-01-22 09:30:00+00:00,0.2607333333333333
2015-01-23,28.075001,28.4375,27.8825,28.245001,25.647839,185859200.0,2015-01-23 09:30:00+00:00,0.0020899999999999
2015-01-26,28.434999,28.59,28.200001,28.275,25.675077,222460000.0,2015-01-26 09:30:00+00:00,0.0314295454545454
2015-01-27,28.105,28.120001,27.2575,27.285,24.776114,382274800.0,2015-01-27 09:30:00+00:00,0.0212
2015-01-28,29.407499,29.530001,28.827499,28.827499,26.176777,585908400.0,2015-01-28 09:30:00+00:00,-0.0117105263157894
2015-01-29,29.08,29.797501,28.889999,29.725,26.991747,337745600.0,2015-01-29 09:30:00+00:00,0.1749757575757576
2015-01-30,29.6,30.0,29.2125,29.290001,26.59675,334982000.0,2015-01-30 09:30:00+00:00,0.0099017857142857
2015-02-02,29.512501,29.7925,29.02,29.657499,26.930452,250956400.0,2015-02-02 09:30:00+00:00,0.0826774193548387
2015-02-03,29.625,29.772499,29.4025,29.6625,26.934996,207662800.0,2015-02-03 09:30:00+00:00,0.0630729166666666
2015-02-04,29.625,30.127501,29.577499,29.889999,27.141579,280598800.0,2015-02-04 09:30:00+00:00,0.0788419354838709
2015-02-05,30.004999,30.057501,29.8125,29.985001,27.335304,168984800.0,2015-02-05 09:30:00+00:00,-0.0521655172413793
2015-02-06,30.004999,30.0625,29.612499,29.7325,27.105112,174826400.0,2015-02-06 09:30:00+00:00,0.0778041666666666
2015-02-09,29.637501,29.959999,29.6075,29.93,27.28516,155559200.0,2015-02-09 09:30:00+00:00,0.0647314285714285
2015-02-10,30.0425,30.5375,30.040001,30.504999,27.809347,248034000.0,2015-02-10 09:30:00+00:00,0.14049375
2015-02-11,30.692499,31.23,30.625,31.219999,28.461166,294247200.0,2015-02-11 09:30:00+00:00,0.0620522727272727
2015-02-12,31.514999,31.870001,31.3925,31.615,28.821255,297898000.0,2015-02-12 09:30:00+00:00,0.0532209677419354
2015-02-13,31.82,31.82,31.4125,31.77,28.962564,217088800.0,2015-02-13 09:30:00+00:00,0.0409019999999999
2015-02-17,31.872499,32.220001,31.73,31.9575,29.133495,252609600.0,2015-02-17 09:30:00+00:00,0.05674
2015-02-18,31.907499,32.195,31.862499,32.18,29.336334,179566800.0,2015-02-18 09:30:00+00:00,-0.039926923076923
2015-02-19,32.119999,32.2575,32.0825,32.112499,29.274794,149449600.0,2015-02-19 09:30:00+00:00,0.1013102564102564
2015-02-20,32.154999,32.375,32.012501,32.375,29.514103,195793600.0,2015-02-20 09:30:00+00:00,-0.0397384615384615
2015-02-23,32.505001,33.25,32.415001,33.25,30.311783,283896400.0,2015-02-23 09:30:00+00:00,-0.0214017543859649
2015-02-24,33.235001,33.400002,32.7925,33.0425,30.122614,276912400.0,2015-02-24 09:30:00+00:00,0.0135189655172413
2015-02-25,32.889999,32.900002,32.037498,32.197498,29.352283,298846800.0,2015-02-25 09:30:00+00:00,-0.0401745098039215
2015-02-26,32.197498,32.717499,31.6525,32.605,29.72378,365150000.0,2015-02-26 09:30:00+00:00,-0.205067857142857
2015-02-27,32.5,32.642502,32.060001,32.115002,29.277081,248059200.0,2015-02-27 09:30:00+00:00,0.0358025641025641
2015-03-02,32.3125,32.57,32.075001,32.272499,29.420658,192386800.0,2015-03-02 09:30:00+00:00,-0.0445584415584415
2015-03-03,32.240002,32.380001,32.022499,32.34,29.482199,151265200.0,2015-03-03 09:30:00+00:00,-0.0072727272727272
2015-03-04,32.275002,32.389999,32.080002,32.134998,29.295307,126665200.0,2015-03-04 09:30:00+00:00,0.0699070422535211
2015-03-05,32.145,32.1875,31.440001,31.602501,28.809868,226068400.0,2015-03-05 09:30:00+00:00,-0.0849210526315789
2015-03-06,32.099998,32.342499,31.565001,31.65,28.85317,291368400.0,2015-03-06 09:30:00+00:00,0.0348983606557377
2015-03-09,31.99,32.392502,31.264999,31.785,28.976242,354114000.0,2015-03-09 09:30:00+00:00,0.0411454954954955
2015-03-10,31.602501,31.805,30.950001,31.127501,28.376841,275426400.0,2015-03-10 09:30:00+00:00,0.0259914438502673
2015-03-11,31.1875,31.192499,30.5275,30.559999,27.859491,275756000.0,2015-03-11 09:30:00+00:00,0.0106610328638497
2015-03-12,30.577499,31.225,30.407499,31.112499,28.363159,193450800.0,2015-03-12 09:30:00+00:00,-0.0300983739837398
2015-03-13,31.1,31.35,30.645,30.897499,28.167162,207309200.0,2015-03-13 09:30:00+00:00,0.0990011235955056
2015-03-16,30.969999,31.237499,30.717501,31.237499,28.477116,143497200.0,2015-03-16 09:30:00+00:00,0.0156165048543689
2015-03-17,31.475,31.83,31.4125,31.76,28.953447,204092400.0,2015-03-17 09:30:00+00:00,0.0165599999999999
2015-03-18,31.75,32.290001,31.592501,32.1175,29.279362,261083600.0,2015-03-18 09:30:00+00:00,0.0604170731707317
2015-03-19,32.1875,32.3125,31.85,31.875,29.058285,183238000.0,2015-03-19 09:30:00+00:00,0.0387333333333333
2015-03-20,32.0625,32.099998,31.290001,31.475,28.693634,274780400.0,2015-03-20 09:30:00+00:00,0.0741214285714285
2015-03-23,31.780001,31.9625,31.629999,31.8025,28.992193,150838800.0,2015-03-23 09:30:00+00:00,0.0354395833333333
2015-03-24,31.807501,32.009998,31.639999,31.672501,28.87368,131369200.0,2015-03-24 09:30:00+00:00,0.0929434782608695
2015-03-25,31.635,31.705,30.844999,30.844999,28.119303,206620800.0,2015-03-25 09:30:00+00:00,0.060557894736842
2015-03-26,30.690001,31.219999,30.65,31.059999,28.315313,190291600.0,2015-03-26 09:30:00+00:00,0.0116076923076923
2015-03-27,31.1425,31.174999,30.727501,30.8125,28.089678,158184800.0,2015-03-27 09:30:00+00:00,-0.0277714285714285
2015-03-30,31.012501,31.6,31.0,31.592501,28.800749,188398800.0,2015-03-30 09:30:00+00:00,0.100004
2015-03-31,31.522499,31.622499,31.09,31.1075,28.358606,168362400.0,2015-03-31 09:30:00+00:00,0.0664102564102564
2015-04-01,31.205,31.280001,30.775,31.0625,28.317581,162485600.0,2015-04-01 09:30:00+00:00,0.0451458333333333
2015-04-02,31.2575,31.389999,31.047501,31.33,28.561445,128880400.0,2015-04-02 09:30:00+00:00,0.1304275862068965
2015-04-06,31.1175,31.877501,31.0825,31.8375,29.024101,148776000.0,2015-04-06 09:30:00+00:00,-0.0163945945945945
2015-04-07,31.91,32.029999,31.495001,31.502501,28.718702,140049200.0,2015-04-07 09:30:00+00:00,0.0455
2015-04-08,31.4625,31.6,31.2425,31.4,28.625265,149316800.0,2015-04-08 09:30:00+00:00,-0.0081380952380952
2015-04-09,31.4625,31.645,31.165001,31.639999,28.844051,129936000.0,2015-04-09 09:30:00+00:00,0.0218602739726027
2015-04-10,31.487499,31.8025,31.315001,31.775,28.967117,160752000.0,2015-04-10 09:30:00+00:00,0.0021037037037036
2015-04-13,32.092499,32.142502,31.6525,31.7125,28.910143,145460400.0,2015-04-13 09:30:00+00:00,0.0893953667953668
2015-04-14,31.75,31.8225,31.477501,31.575001,28.784796,102098400.0,2015-04-14 09:30:00+00:00,0.0187767123287671
2015-04-15,31.602501,31.782499,31.502501,31.695,28.894184,115881600.0,2015-04-15 09:30:00+00:00,0.022410606060606
2015-04-16,31.57,31.775,31.5275,31.5425,28.755165,113476000.0,2015-04-16 09:30:00+00:00,-0.0003765957446808
2015-04-17,31.387501,31.535,31.115,31.1875,28.431536,207828000.0,2015-04-17 09:30:00+00:00,0.0970875
2015-04-20,31.3925,32.029999,31.2925,31.9,29.081076,188217200.0,2015-04-20 09:30:00+00:00,-0.0070228070175438
2015-04-21,32.025002,32.049999,31.6675,31.727501,28.923824,129740400.0,2015-04-21 09:30:00+00:00,0.0383931034482758
2015-04-22,31.747499,32.217499,31.58,32.154999,29.31354,150618000.0,2015-04-22 09:30:00+00:00,-0.0016645161290322
2015-04-23,32.075001,32.605,32.035,32.4175,29.552843,183083600.0,2015-04-23 09:30:00+00:00,0.0204942857142857
2015-04-24,32.622501,32.657501,32.307499,32.57,29.691864,178103600.0,2015-04-24 09:30:00+00:00,0.0280288888888888
2015-04-27,33.077499,33.282501,32.787498,33.162498,30.232006,387816800.0,2015-04-27 09:30:00+00:00,0.0511285024154589
2015-04-28,33.615002,33.634998,32.392502,32.639999,29.755684,475696000.0,2015-04-28 09:30:00+00:00,0.0674301470588235
2015-04-29,32.540001,32.897499,32.075001,32.16,29.318098,253544400.0,2015-04-29 09:30:00+00:00,0.0925559322033898
2015-04-30,32.16,32.16,31.145,31.2875,28.522703,332781600.0,2015-04-30 09:30:00+00:00,-0.0861983333333333
2015-05-01,31.525,32.532501,31.325001,32.237499,29.388752,234050400.0,2015-05-01 09:30:00+00:00,-0.0494397590361445
2015-05-04,32.375,32.642502,32.064999,32.174999,29.33177,203953200.0,2015-05-04 09:30:00+00:00,-0.0097765432098765
2015-05-05,32.037498,32.112499,31.445,31.450001,28.670845,197085600.0,2015-05-05 09:30:00+00:00,-0.020076923076923
2015-05-06,31.639999,31.6875,30.84,31.252501,28.490789,288564000.0,2015-05-06 09:30:00+00:00,0.029535
2015-05-07,31.192499,31.52,31.004999,31.315001,28.667021,175763600.0,2015-05-07 09:30:00+00:00,-2.5581395348835684e-05
2015-05-08,31.67,31.905001,31.5275,31.905001,29.207123,222201600.0,2015-05-08 09:30:00+00:00,0.1611307692307692
2015-05-11,31.8475,31.889999,31.407499,31.58,28.909609,168143200.0,2015-05-11 09:30:00+00:00,0.076860465116279
2015-05-12,31.4,31.719999,31.205,31.467501,28.806618,192640000.0,2015-05-12 09:30:00+00:00,0.0864307692307692
2015-05-13,31.5375,31.797501,31.467501,31.502501,28.838661,138776800.0,2015-05-13 09:30:00+00:00,0.036925
2015-05-14,31.852501,32.237499,31.790001,32.237499,29.511515,180814000.0,2015-05-14 09:30:00+00:00,0.1229625
2015-05-15,32.267502,32.372501,32.052502,32.192501,29.470316,152832000.0,2015-05-15 09:30:00+00:00,0.0571064516129032
2015-05-18,32.095001,32.68,32.09,32.547501,29.795296,203531600.0,2015-05-18 09:30:00+00:00,0.0402153846153846
2015-05-19,32.672501,32.720001,32.41,32.517502,29.767832,178532800.0,2015-05-19 09:30:00+00:00,0.0826645161290322
2015-05-20,32.5,32.744999,32.334999,32.514999,29.765543,145819600.0,2015-05-20 09:30:00+00:00,0.0120949367088607
2015-05-21,32.517502,32.907501,32.4575,32.8475,30.069931,158921600.0,2015-05-21 09:30:00+00:00,0.0434814814814814
2015-05-22,32.900002,33.2425,32.849998,33.134998,30.333115,182384000.0,2015-05-22 09:30:00+00:00,0.0519434782608695
2015-05-26,33.150002,33.227501,32.279999,32.404999,29.664848,282790400.0,2015-05-26 09:30:00+00:00,0.1196125
2015-05-27,32.584999,33.064999,32.512501,33.009998,30.218685,183332800.0,2015-05-27 09:30:00+00:00,0.0038999999999999
2015-05-28,32.965,32.987499,32.775002,32.945,30.15918,122933200.0,2015-05-28 09:30:00+00:00,0.0946763636363636
2015-05-29,32.807499,32.862499,32.474998,32.57,29.815893,203538000.0,2015-05-29 09:30:00+00:00,0.0987545454545454
2015-06-01,32.57,32.8475,32.512501,32.634998,29.875401,128451200.0,2015-06-01 09:30:00+00:00,0.0165951612903225
2015-06-02,32.465,32.665001,32.330002,32.490002,29.742664,134670400.0,2015-06-02 09:30:00+00:00,-0.0564115384615384
2015-06-03,32.665001,32.735001,32.474998,32.529999,29.77927,123934000.0,2015-06-03 09:30:00+00:00,0.0891130434782608
2015-06-04,32.395,32.645,32.227501,32.34,29.605347,153800400.0,2015-06-04 09:30:00+00:00,-0.0606081967213114
2015-06-05,32.375,32.422501,32.09,32.162498,29.442848,142507200.0,2015-06-05 09:30:00+00:00,-0.0206448979591836
2015-06-09,31.674999,32.02,31.405001,31.855,29.161358,224301600.0,2015-06-09 09:30:00+00:00,0.0526334293948126
2015-06-10,31.98,32.334999,31.9625,32.220001,29.495487,156349200.0,2015-06-10 09:30:00+00:00,0.0716284848484848
2015-06-11,32.294998,32.544998,32.119999,32.147499,29.429115,141563600.0,2015-06-11 09:30:00+00:00,0.0034679999999999
2015-06-12,32.047501,32.0825,31.7775,31.7925,29.104137,147544800.0,2015-06-12 09:30:00+00:00,-0.0549910447761194
2015-06-15,31.525,31.809999,31.4275,31.73,29.046923,175955600.0,2015-06-15 09:30:00+00:00,0.0078906976744186
2015-06-16,31.7575,31.9625,31.592501,31.9,29.202547,125976400.0,2015-06-16 09:30:00+00:00,0.0583318181818181
2015-06-17,31.93,31.969999,31.684999,31.825001,29.133894,131672400.0,2015-06-17 09:30:00+00:00,0.0040272727272727
2015-06-18,31.807501,32.077499,31.805,31.969999,29.26663,141628800.0,2015-06-18 09:30:00+00:00,0.0133684210526315
2015-06-19,31.9275,31.955,31.6,31.65,28.973688,218867600.0,2015-06-19 09:30:00+00:00,0.1782592592592592
2015-06-22,31.872499,32.014999,31.77,31.9025,29.204836,136157200.0,2015-06-22 09:30:00+00:00,-0.0881857142857142
2015-06-29,31.365,31.6175,31.120001,31.1325,28.499947,196645600.0,2015-06-29 09:30:00+00:00,0.1446561797752809
2015-06-30,31.3925,31.530001,31.215,31.3575,28.705923,177482800.0,2015-06-30 09:30:00+00:00,0.07748125
2015-07-01,31.725,31.735001,31.497499,31.65,28.973688,120955200.0,2015-07-01 09:30:00+00:00,0.0360505376344085
2015-07-02,31.6075,31.672501,31.442499,31.610001,28.937071,108844000.0,2015-07-02 09:30:00+00:00,0.040576923076923
2015-07-06,31.235001,31.557501,31.2125,31.5,28.836372,112241600.0,2015-07-06 09:30:00+00:00,-0.0220571428571428
2015-07-07,31.4725,31.5375,30.942499,31.422501,28.765427,187787200.0,2015-07-07 09:30:00+00:00,0.0299
2015-07-08,31.120001,31.16,30.635,30.6425,28.05138,243046400.0,2015-07-08 09:30:00+00:00,0.0592571428571428
2015-07-09,30.9625,31.014999,29.805,30.0175,27.479229,314380000.0,2015-07-09 09:30:00+00:00,0.086909375
2015-07-10,30.485001,30.9625,30.3025,30.82,28.213871,245418000.0,2015-07-10 09:30:00+00:00,0.0971806451612903
2015-07-13,31.2575,31.440001,31.08,31.415001,28.75856,165762000.0,2015-07-13 09:30:00+00:00,-0.0929044444444444
2015-07-14,31.51,31.592501,31.26,31.4025,28.747114,127072400.0,2015-07-14 09:30:00+00:00,0.0799575757575757
2015-07-15,31.43,31.7875,31.395,31.705,29.02404,134596800.0,2015-07-15 09:30:00+00:00,0.0226999999999999
2015-07-16,31.934999,32.142502,31.8375,32.127499,29.410812,144889600.0,2015-07-16 09:30:00+00:00,0.1139125
2015-07-17,32.27,32.404999,32.077499,32.404999,29.664848,184658800.0,2015-07-17 09:30:00+00:00,-0.0043999999999999
2015-07-20,32.7425,33.2425,32.674999,33.017502,30.225552,235600800.0,2015-07-20 09:30:00+00:00,0.1077021276595744
2015-07-21,33.212502,33.23,32.580002,32.6875,29.923454,307025600.0,2015-07-21 09:30:00+00:00,0.07725
2015-07-22,30.497499,31.375,30.497499,31.305,28.657864,461802400.0,2015-07-22 09:30:00+00:00,0.0770339285714285
2015-07-23,31.549999,31.772499,31.264999,31.290001,28.644133,203998000.0,2015-07-23 09:30:00+00:00,-0.0225875
2015-07-24,31.33,31.434999,30.975,31.125,28.493084,168649200.0,2015-07-24 09:30:00+00:00,-0.010896875
2015-07-27,30.772499,30.9025,30.530001,30.692499,28.097153,177822000.0,2015-07-27 09:30:00+00:00,0.1390423076923077
2015-07-28,30.844999,30.977501,30.637501,30.844999,28.236759,134472400.0,2015-07-28 09:30:00+00:00,0.2057837209302325
2015-07-29,30.7875,30.875,30.567499,30.747499,28.147497,148046800.0,2015-07-29 09:30:00+00:00,-0.0802173913043478
2015-07-30,30.58,30.6425,30.4275,30.592501,28.005613,134513200.0,2015-07-30 09:30:00+00:00,-0.0800181818181818
2015-07-31,30.65,30.66,30.227501,30.325001,27.760731,171540000.0,2015-07-31 09:30:00+00:00,0.0193
2015-08-03,30.375,30.6425,29.379999,29.610001,27.10619,279904000.0,2015-08-03 09:30:00+00:00,0.0434358974358974
2015-08-04,29.355,29.424999,28.3125,28.66,26.236521,496554400.0,2015-08-04 09:30:00+00:00,0.0172923076923076
2015-08-05,28.237499,29.360001,28.025,28.85,26.410452,397250400.0,2015-08-05 09:30:00+00:00,-0.1101838235294117
2015-08-06,28.9925,29.125,28.530001,28.782499,26.46793,211612000.0,2015-08-06 09:30:00+00:00,-0.0821378378378378
2015-08-07,28.645,29.0625,28.625,28.879999,26.557587,154681600.0,2015-08-07 09:30:00+00:00,0.013176
2015-08-10,29.1325,29.997499,29.1325,29.93,27.523155,219806400.0,2015-08-10 09:30:00+00:00,-0.0199888888888888
2015-08-11,29.452499,29.545,28.3325,28.372499,26.090899,388331200.0,2015-08-11 09:30:00+00:00,-0.0828899999999999
2015-08-12,28.1325,28.855,27.407499,28.809999,26.493216,404870000.0,2015-08-12 09:30:00+00:00,-0.032428
2015-08-13,29.01,29.1,28.635,28.7875,26.472527,194143200.0,2015-08-13 09:30:00+00:00,-0.0064866666666666
2015-08-14,28.58,29.077499,28.502501,28.99,26.658741,171718000.0,2015-08-14 09:30:00+00:00,-0.0086102564102564
2015-08-17,29.01,29.4125,28.875,29.290001,26.93462,163538800.0,2015-08-17 09:30:00+00:00,0.0521551020408163
2015-08-18,29.1075,29.360001,29.002501,29.125,26.782885,138242800.0,2015-08-18 09:30:00+00:00,0.1225909090909091
2015-08-19,29.025,29.129999,28.67,28.752501,26.440342,193146000.0,2015-08-19 09:30:00+00:00,-0.0238692307692307
2015-08-20,28.52,28.5875,27.907499,28.1625,25.897789,274006400.0,2015-08-20 09:30:00+00:00,-0.0448866666666666
2015-08-21,27.6075,27.975,26.4125,26.440001,24.313801,513102000.0,2015-08-21 09:30:00+00:00,-0.0346142857142857
2015-08-24,23.717501,27.200001,23.0,25.780001,23.706881,648825200.0,2015-08-24 09:30:00+00:00,-0.0044796610169491
2015-08-25,27.7775,27.7775,25.875,25.934999,23.849411,414406400.0,2015-08-25 09:30:00+00:00,0.016508
2015-08-26,26.772499,27.4725,26.262501,27.422501,25.217297,387098400.0,2015-08-26 09:30:00+00:00,0.0912666666666666
2015-08-27,28.057501,28.309999,27.504999,28.23,25.959856,338464400.0,2015-08-27 09:30:00+00:00,-0.044390909090909
2015-08-28,28.0425,28.327499,27.885,28.3225,26.04492,212657600.0,2015-08-28 09:30:00+00:00,-0.020585
2015-08-31,28.0075,28.6325,28.0,28.190001,25.923075,224917200.0,2015-08-31 09:30:00+00:00,-0.0513226415094339
2015-09-01,27.5375,27.969999,26.84,26.93,24.7644,307383600.0,2015-09-01 09:30:00+00:00,0.0849792452830188
2015-09-02,27.557501,28.084999,27.282499,28.084999,25.826521,247555200.0,2015-09-02 09:30:00+00:00,-0.0835210526315789
2015-09-03,28.122499,28.195,27.51,27.592501,25.373627,212935600.0,2015-09-03 09:30:00+00:00,0.0691484848484848
2015-09-04,27.2425,27.612499,27.127501,27.317499,25.120739,199985200.0,2015-09-04 09:30:00+00:00,0.1324371428571428
2015-09-08,27.9375,28.139999,27.58,28.077499,25.819624,219374400.0,2015-09-08 09:30:00+00:00,0.1147177777777777
2015-09-09,28.440001,28.504999,27.442499,27.5375,25.32305,340043200.0,2015-09-09 09:30:00+00:00,0.0472211764705882
2015-09-10,27.567499,28.32,27.475,28.1425,25.879396,251571200.0,2015-09-10 09:30:00+00:00,0.0429266798418972
2015-09-11,27.9475,28.5525,27.940001,28.5525,26.256424,199662000.0,2015-09-11 09:30:00+00:00,0.0258520833333333
2015-09-14,29.145,29.2225,28.715,28.827499,26.50931,233453600.0,2015-09-14 09:30:00+00:00,0.028990909090909
2015-09-15,28.9825,29.1325,28.605,29.07,26.732306,173364800.0,2015-09-15 09:30:00+00:00,0.086890909090909
2015-09-16,29.0625,29.135,28.860001,29.102501,26.762197,148694000.0,2015-09-16 09:30:00+00:00,0.0659047619047619
2015-09-17,28.915001,29.122499,28.43,28.48,26.189754,256450400.0,2015-09-17 09:30:00+00:00,0.1123887323943662
2015-09-18,28.0525,28.575001,27.967501,28.362499,26.081705,297141200.0,2015-09-18 09:30:00+00:00,0.0679137931034482
2015-09-21,28.4175,28.842501,28.415001,28.8025,26.486322,200888000.0,2015-09-21 09:30:00+00:00,-0.0949956989247312
2015-09-22,28.344999,28.545,28.129999,28.35,26.070213,201384800.0,2015-09-22 09:30:00+00:00,0.0158731343283582
2015-09-23,28.407499,28.68,28.325001,28.58,26.281713,143026800.0,2015-09-23 09:30:00+00:00,0.0485363636363636
2015-09-24,28.3125,28.875,28.092501,28.75,26.438042,200878000.0,2015-09-24 09:30:00+00:00,-0.2855421052631579
2015-09-25,29.110001,29.172501,28.504999,28.6775,26.37137,224607600.0,2015-09-25 09:30:00+00:00,0.0365379310344827
2015-09-28,28.4625,28.6425,28.110001,28.110001,25.84951,208436000.0,2015-09-28 09:30:00+00:00,0.1224631578947368
2015-09-29,28.2075,28.377501,26.965,27.264999,25.072458,293461600.0,2015-09-29 09:30:00+00:00,0.0411285714285714
2015-09-30,27.5425,27.885,27.182501,27.575001,25.357531,265892000.0,2015-09-30 09:30:00+00:00,0.1426666666666667
2015-10-01,27.2675,27.405001,26.827499,27.395,25.192007,255716400.0,2015-10-01 09:30:00+00:00,-0.0079999999999999
2015-10-02,27.002501,27.752501,26.887501,27.594999,25.375925,232079200.0,2015-10-02 09:30:00+00:00,0.04605625
2015-10-05,27.469999,27.842501,27.2675,27.695,25.467878,208258800.0,2015-10-05 09:30:00+00:00,0.0052322580645161
2015-10-06,27.657499,27.934999,27.442499,27.827499,25.589725,192787200.0,2015-10-06 09:30:00+00:00,0.1108179487179487
2015-10-07,27.934999,27.942499,27.352501,27.695,25.467878,187062400.0,2015-10-07 09:30:00+00:00,-0.1379888888888888
2015-10-08,27.547501,27.547501,27.0525,27.375,25.173615,247918400.0,2015-10-08 09:30:00+00:00,0.0193
2015-10-09,27.5,28.07,27.372499,28.030001,25.775946,211064400.0,2015-10-09 09:30:00+00:00,0.1527857142857142
2015-10-12,28.182501,28.1875,27.860001,27.9,25.656389,121868800.0,2015-10-12 09:30:00+00:00,-0.0612379310344827
2015-10-13,27.705,28.112499,27.67,27.9475,25.700075,132197200.0,2015-10-13 09:30:00+00:00,-0.036972
2015-10-14,27.8225,27.879999,27.389999,27.5525,25.336842,177849600.0,2015-10-14 09:30:00+00:00,-0.0903439024390244
2015-10-15,27.7325,28.025,27.622499,27.965,25.716167,150694000.0,2015-10-15 09:30:00+00:00,-0.0741419354838709
2015-10-16,27.945,28.0,27.6325,27.76,25.527657,156930400.0,2015-10-16 09:30:00+00:00,0.008
2015-10-19,27.700001,27.9375,27.5275,27.932501,25.686283,119036800.0,2015-10-19 09:30:00+00:00,-0.01089
2015-10-20,27.834999,28.5425,27.705,28.442499,26.155268,195871200.0,2015-10-20 09:30:00+00:00,-0.0022384615384615
2015-10-21,28.5,28.895,28.424999,28.440001,26.152971,167180800.0,2015-10-21 09:30:00+00:00,0.0
2015-10-22,28.5825,28.875,28.525,28.875,26.552994,166616400.0,2015-10-22 09:30:00+00:00,0.1489833333333333
2015-10-23,29.174999,29.807501,29.0825,29.77,27.376019,237467600.0,2015-10-23 09:30:00+00:00,0.0052575757575757
2015-10-26,29.52,29.532499,28.73,28.82,26.502415,265335200.0,2015-10-26 09:30:00+00:00,0.0817
2015-10-27,28.85,29.135,28.497499,28.637501,26.334593,279537600.0,2015-10-27 09:30:00+00:00,0.043272
2015-10-28,29.2325,29.825001,29.014999,29.817499,27.419695,342205600.0,2015-10-28 09:30:00+00:00,0.1053063829787234
2015-10-29,29.674999,30.172501,29.567499,30.1325,27.709364,204909200.0,2015-10-29 09:30:00+00:00,-0.0434681818181818
2015-10-30,30.247499,30.305,29.862499,29.875,27.472578,197461200.0,2015-10-30 09:30:00+00:00,0.14766
2015-11-02,30.200001,30.34,29.9025,30.295,27.858801,128813200.0,2015-11-02 09:30:00+00:00,-0.0683214285714285
2015-11-03,30.1975,30.872499,30.174999,30.6425,28.178352,182076000.0,2015-11-03 09:30:00+00:00,0.11682
2015-11-04,30.782499,30.955,30.405001,30.5,28.047316,179544400.0,2015-11-04 09:30:00+00:00,0.1404999999999999
2015-11-05,30.4625,30.672501,30.045,30.23,27.918022,158210800.0,2015-11-05 09:30:00+00:00,0.15079
2015-11-06,30.2775,30.452499,30.155001,30.264999,27.950344,132169200.0,2015-11-06 09:30:00+00:00,0.0675608695652174
2015-11-09,30.24,30.452499,30.012501,30.1425,27.837212,135485600.0,2015-11-09 09:30:00+00:00,0.1225955555555555
2015-11-10,29.225,29.5175,29.014999,29.192499,26.959873,236511600.0,2015-11-10 09:30:00+00:00,0.1381823529411764
2015-11-11,29.092501,29.355,28.8025,29.0275,26.807489,180872000.0,2015-11-11 09:30:00+00:00,0.0401714285714285
2015-11-12,29.065001,29.205,28.9125,28.93,26.717445,130102400.0,2015-11-12 09:30:00+00:00,-0.1060457142857142
2015-11-13,28.799999,28.8925,28.067499,28.084999,25.937069,183249600.0,2015-11-13 09:30:00+00:00,0.1979428571428571
2015-11-16,27.844999,28.559999,27.75,28.545,26.361889,152426800.0,2015-11-16 09:30:00+00:00,0.0038032258064516
2015-11-18,28.940001,29.372499,28.875,29.3225,27.079929,186698800.0,2015-11-18 09:30:00+00:00,0.1179133333333333
2015-11-19,29.41,29.9375,29.190001,29.695,27.423937,173183200.0,2015-11-19 09:30:00+00:00,0.1176714285714285
2015-11-20,29.799999,29.98,29.7125,29.825001,27.543995,137148400.0,2015-11-20 09:30:00+00:00,0.065226923076923
2015-11-23,29.817499,29.932501,29.334999,29.4375,27.186131,129930000.0,2015-11-23 09:30:00+00:00,0.0853923076923077
2015-11-24,29.3325,29.8375,29.280001,29.719999,27.447025,171212800.0,2015-11-24 09:30:00+00:00,0.0148222222222222
2015-11-25,29.8025,29.807501,29.48,29.5075,27.25078,85553200.0,2015-11-25 09:30:00+00:00,0.09974
2015-11-27,29.5725,29.602501,29.4,29.452499,27.199986,52185600.0,2015-11-27 09:30:00+00:00,0.0
2015-11-30,29.497499,29.852501,29.4375,29.575001,27.31312,156721200.0,2015-11-30 09:30:00+00:00,-0.15372
2015-12-01,29.6875,29.702499,29.215,29.334999,27.091473,139409600.0,2015-12-01 09:30:00+00:00,0.0
2015-12-02,29.334999,29.5275,29.02,29.07,26.846737,133546400.0,2015-12-02 09:30:00+00:00,0.24884
2015-12-03,29.137501,29.1975,28.555,28.799999,26.597389,166278000.0,2015-12-03 09:30:00+00:00,-0.0683
2015-12-04,28.8225,29.8125,28.7775,29.7575,27.481659,231108000.0,2015-12-04 09:30:00+00:00,0.00571
2015-12-07,29.745001,29.965,29.452499,29.57,27.308498,128336800.0,2015-12-07 09:30:00+00:00,-0.0825310344827586
2015-12-08,29.379999,29.65,29.215,29.557501,27.296955,137238000.0,2015-12-08 09:30:00+00:00,0.1471615384615384
2015-12-09,29.41,29.422501,28.77,28.905001,26.694361,185445600.0,2015-12-09 09:30:00+00:00,0.1415117647058823
2015-12-10,29.01,29.235001,28.877501,29.0425,26.821341,116850800.0,2015-12-10 09:30:00+00:00,0.0698277777777777
2015-12-11,28.797501,28.8475,28.2125,28.295,26.131012,187544800.0,2015-12-11 09:30:00+00:00,0.16614
2015-12-14,28.045,28.17,27.4475,28.120001,25.969395,257274800.0,2015-12-14 09:30:00+00:00,0.2454666666666666
2015-12-15,27.985001,28.200001,27.5875,27.622499,25.509937,213292400.0,2015-12-15 09:30:00+00:00,0.0696551724137931
2015-12-16,27.7675,27.997499,27.200001,27.834999,25.70619,224954000.0,2015-12-16 09:30:00+00:00,0.0794699999999999
2015-12-17,28.004999,28.0625,27.245001,27.245001,25.161316,179091200.0,2015-12-17 09:30:00+00:00,-0.0552
2015-12-18,27.227501,27.379999,26.452499,26.5075,24.480221,385813200.0,2015-12-18 09:30:00+00:00,-0.0123016129032258
2015-12-21,26.82,26.842501,26.3925,26.8325,24.780359,190362400.0,2015-12-21 09:30:00+00:00,-0.1516333333333333
2015-12-22,26.85,26.93,26.612499,26.807501,24.757271,131157600.0,2015-12-22 09:30:00+00:00,0.0359272727272727
2015-12-23,26.817499,27.2125,26.799999,27.1525,25.075888,130629600.0,2015-12-23 09:30:00+00:00,-0.0328777777777777
2015-12-24,27.25,27.25,26.987499,27.0075,24.941978,54281600.0,2015-12-24 09:30:00+00:00,0.0
2015-12-28,26.897499,26.922501,26.545,26.705,24.662609,106816800.0,2015-12-28 09:30:00+00:00,0.028375
2015-12-29,26.74,27.3575,26.715,27.184999,25.105902,123724800.0,2015-12-29 09:30:00+00:00,-0.2854714285714285
2015-12-30,27.145,27.174999,26.795,26.83,24.778051,100855200.0,2015-12-30 09:30:00+00:00,-0.0528590909090908
2015-12-31,26.752501,26.7575,26.205,26.315001,24.302439,163649200.0,2015-12-31 09:30:00+00:00,-0.1143111111111111
2016-01-04,25.6525,26.342501,25.5,26.3375,24.323219,270597600.0,2016-01-04 09:30:00+00:00,0.0087846153846153
2016-01-05,26.4375,26.4625,25.602501,25.6775,23.713696,223164000.0,2016-01-05 09:30:00+00:00,0.0077333333333333
2016-01-06,25.139999,25.592501,24.967501,25.174999,23.249626,273829600.0,2016-01-06 09:30:00+00:00,-0.1611222222222222
2016-01-07,24.67,25.032499,24.1075,24.112499,22.268383,324377600.0,2016-01-07 09:30:00+00:00,-0.0263608695652173
2016-01-08,24.637501,24.7775,24.190001,24.24,22.386133,283192000.0,2016-01-08 09:30:00+00:00,-0.0848208333333333
2016-01-11,24.7425,24.764999,24.334999,24.6325,22.748621,198957600.0,2016-01-11 09:30:00+00:00,-0.0066411764705882
2016-01-12,25.137501,25.172501,24.709999,24.99,23.078775,196616800.0,2016-01-12 09:30:00+00:00,-0.0180399999999999
2016-01-13,25.08,25.297501,24.325001,24.3475,22.485413,249758400.0,2016-01-13 09:30:00+00:00,0.0526875
2016-01-14,24.49,25.120001,23.934999,24.879999,22.977186,252680400.0,2016-01-14 09:30:00+00:00,0.1519799999999999
2016-01-15,24.049999,24.4275,23.84,24.282499,22.425385,319335600.0,2016-01-15 09:30:00+00:00,0.0
2016-01-19,24.602501,24.6625,23.875,24.165001,22.316872,212350800.0,2016-01-19 09:30:00+00:00,0.1256727272727272
2016-01-20,23.775,24.547501,23.355,24.1975,22.346884,289337600.0,2016-01-20 09:30:00+00:00,0.0654
2016-01-21,24.264999,24.469999,23.735001,24.075001,22.233753,208646000.0,2016-01-21 09:30:00+00:00,-0.0021365853658536
2016-01-22,24.657499,25.365,24.592501,25.355,23.415861,263202000.0,2016-01-22 09:30:00+00:00,0.0226862068965517
2016-01-25,25.379999,25.3825,24.8025,24.860001,22.958717,207178000.0,2016-01-25 09:30:00+00:00,0.0524032967032967
2016-01-26,24.9825,25.219999,24.5175,24.997499,23.085699,300308000.0,2016-01-26 09:30:00+00:00,0.1005094339622641
2016-01-27,24.01,24.157499,23.334999,23.355,21.568815,533478800.0,2016-01-27 09:30:00+00:00,0.0304754601226993
2016-01-28,23.4475,23.629999,23.0975,23.522499,21.723509,222715200.0,2016-01-28 09:30:00+00:00,-0.0270974358974359
2016-01-29,23.6975,24.334999,23.5875,24.334999,22.473866,257666000.0,2016-01-29 09:30:00+00:00,0.0576731707317073
2016-02-01,24.1175,24.1775,23.85,24.1075,22.263767,163774000.0,2016-02-01 09:30:00+00:00,-0.0394555555555555
2016-02-02,23.855,24.01,23.57,23.620001,21.813553,149428800.0,2016-02-02 09:30:00+00:00,0.3322230769230769
2016-02-03,23.75,24.209999,23.52,24.0875,22.245296,183857200.0,2016-02-03 09:30:00+00:00,0.2630871794871795
2016-02-04,23.965,24.3325,23.797501,24.15,22.424036,185886800.0,2016-02-04 09:30:00+00:00,-0.0759375
2016-02-05,24.129999,24.23,23.422501,23.504999,21.825132,185672400.0,2016-02-05 09:30:00+00:00,-0.0218749999999999
2016-02-08,23.282499,23.924999,23.26,23.752501,22.054953,216085600.0,2016-02-08 09:30:00+00:00,0.0209298245614035
2016-02-09,23.5725,23.985001,23.4825,23.747499,22.050303,177324800.0,2016-02-09 09:30:00+00:00,-0.02706875
2016-02-10,23.98,24.0875,23.525,23.567499,21.883173,169374400.0,2016-02-10 09:30:00+00:00,0.02557
2016-02-11,23.4475,23.68,23.147499,23.424999,21.750851,200298800.0,2016-02-11 09:30:00+00:00,0.1602714285714286
2016-02-12,23.547501,23.625,23.252501,23.497499,21.818171,161405600.0,2016-02-12 09:30:00+00:00,-0.30766
2016-02-16,23.754999,24.2125,23.6525,24.16,22.433323,196231600.0,2016-02-16 09:30:00+00:00,0.0010714285714285
2016-02-17,24.1675,24.5525,24.0375,24.530001,22.77688,179452800.0,2016-02-17 09:30:00+00:00,-0.0037564705882353
2016-02-18,24.709999,24.7225,24.022499,24.065001,22.345116,156084000.0,2016-02-18 09:30:00+00:00,-0.1030646258503401
2016-02-19,24.0,24.190001,23.950001,24.01,22.294046,141496800.0,2016-02-19 09:30:00+00:00,-0.0379909836065573
2016-02-22,24.077499,24.225,23.98,24.219999,22.489033,137123200.0,2016-02-22 09:30:00+00:00,-0.1004291666666666
2016-02-23,24.1,24.125,23.637501,23.672501,21.980667,127770400.0,2016-02-23 09:30:00+00:00,-0.0029948051948051
2016-02-24,23.495001,24.094999,23.33,24.025,22.307974,145022800.0,2016-02-24 09:30:00+00:00,-0.0655898876404494
2016-02-25,24.012501,24.190001,23.8125,24.190001,22.46118,110330800.0,2016-02-25 09:30:00+00:00,-0.0906808695652174
2016-02-26,24.299999,24.504999,24.145,24.227501,22.495996,115964400.0,2016-02-26 09:30:00+00:00,-0.0102132075471698
2016-02-29,24.215,24.557501,24.1625,24.172501,22.444927,140865200.0,2016-02-29 09:30:00+00:00,0.0290199999999999
2016-03-01,24.4125,25.192499,24.355,25.1325,23.336325,201628400.0,2016-03-01 09:30:00+00:00,-0.076910752688172
2016-03-02,25.127501,25.2225,24.91,25.1875,23.38739,132678400.0,2016-03-02 09:30:00+00:00,-0.0294911111111111
2016-03-03,25.145,25.4275,25.112499,25.375,23.561485,147822800.0,2016-03-03 09:30:00+00:00,-0.0180024999999999
2016-03-04,25.592501,25.9375,25.342501,25.752501,23.912012,184220400.0,2016-03-04 09:30:00+00:00,0.0622217391304348
2016-03-07,25.5975,25.7075,25.24,25.467501,23.647383,143315600.0,2016-03-07 09:30:00+00:00,-0.0233548387096774
2016-03-08,25.195,25.440001,25.1,25.2575,23.452389,126247600.0,2016-03-08 09:30:00+00:00,0.0175315789473684
2016-03-09,25.327499,25.395,25.067499,25.280001,23.473282,108806800.0,2016-03-09 09:30:00+00:00,-0.0850266666666666
2016-03-10,25.352501,25.559999,25.0375,25.2925,23.484886,134054400.0,2016-03-10 09:30:00+00:00,0.0927375
2016-03-11,25.559999,25.57,25.375,25.565001,23.737915,109632800.0,2016-03-11 09:30:00+00:00,-0.046040243902439
2016-03-14,25.477501,25.727501,25.445,25.629999,23.798264,100304400.0,2016-03-14 09:30:00+00:00,-0.0421586956521739
2016-03-15,25.99,26.295,25.9625,26.145,24.276463,160270800.0,2016-03-15 09:30:00+00:00,-0.03535
2016-03-16,26.1525,26.577499,26.147499,26.4925,24.599123,153214000.0,2016-03-16 09:30:00+00:00,-0.1719272727272727
2016-03-17,26.379999,26.6175,26.24,26.450001,24.559664,137682800.0,2016-03-17 09:30:00+00:00,0.0081735294117647
2016-03-18,26.584999,26.625,26.297501,26.48,24.587517,176820800.0,2016-03-18 09:30:00+00:00,-0.0792612903225806
2016-03-21,26.4825,26.9125,26.285,26.477501,24.585201,142010800.0,2016-03-21 09:30:00+00:00,0.00468671875
2016-03-22,26.3125,26.8225,26.3025,26.68,24.773224,129777600.0,2016-03-22 09:30:00+00:00,0.0088328638497652
2016-03-23,26.620001,26.7675,26.475,26.532499,24.636267,102814000.0,2016-03-23 09:30:00+00:00,0.0002130952380952
2016-03-24,26.3675,26.5625,26.2225,26.4175,24.52948,104532000.0,2016-03-24 09:30:00+00:00,-0.1306666666666666
2016-03-28,26.5,26.547501,26.264999,26.297501,24.41806,77645600.0,2016-03-28 09:30:00+00:00,0.1086612903225806
2016-03-29,26.2225,26.9475,26.219999,26.92,24.996071,124760400.0,2016-03-29 09:30:00+00:00,0.0184430379746835
2016-03-30,27.1625,27.605,27.15,27.389999,25.43248,182404400.0,2016-03-30 09:30:00+00:00,-0.1572929824561403
2016-03-31,27.43,27.475,27.219999,27.247499,25.300169,103553600.0,2016-03-31 09:30:00+00:00,-0.0626870967741935
2016-04-01,27.195,27.5,27.049999,27.497499,25.532297,103496000.0,2016-04-01 09:30:00+00:00,-0.0348219512195122
2016-04-04,27.605,28.047501,27.567499,27.780001,25.794607,149424800.0,2016-04-04 09:30:00+00:00,-0.0191473684210526
2016-04-05,27.377501,27.682501,27.355,27.452499,25.490513,106314800.0,2016-04-05 09:30:00+00:00,0.0541192307692307
2016-04-06,27.557501,27.745001,27.299999,27.74,25.757463,105616400.0,2016-04-06 09:30:00+00:00,0.035309375
2016-04-07,27.487499,27.605,27.030001,27.135,25.195702,127207600.0,2016-04-07 09:30:00+00:00,0.0425857142857142
2016-04-08,27.227501,27.442499,27.0425,27.165001,25.22356,94326800.0,2016-04-08 09:30:00+00:00,0.0305782608695652
2016-04-11,27.2425,27.6525,27.2075,27.254999,25.307131,117630000.0,2016-04-11 09:30:00+00:00,0.0854678571428571
2016-04-12,27.334999,27.625,27.165001,27.610001,25.636757,108929200.0,2016-04-12 09:30:00+00:00,0.1145208333333333
2016-04-13,27.700001,28.084999,27.700001,28.01,26.008171,133029200.0,2016-04-13 09:30:00+00:00,0.064647619047619
2016-04-14,27.905001,28.0975,27.8325,28.025,26.022099,101895600.0,2016-04-14 09:30:00+00:00,0.0761571428571428
2016-04-15,28.0275,28.075001,27.432501,27.4625,25.4998,187756000.0,2016-04-15 09:30:00+00:00,0.0982344827586206
2016-04-18,27.2225,27.237499,26.735001,26.870001,24.94965,243286000.0,2016-04-18 09:30:00+00:00,-0.0368117647058823
2016-04-19,26.969999,27.0,26.557501,26.727501,24.817327,129539600.0,2016-04-19 09:30:00+00:00,0.0913730769230769
2016-04-21,26.7325,26.7325,26.379999,26.4925,24.599123,126210000.0,2016-04-21 09:30:00+00:00,0.0373807692307692
2016-04-22,26.252501,26.620001,26.155001,26.42,24.531809,134732400.0,2016-04-22 09:30:00+00:00,-0.035778947368421
2016-04-25,26.25,26.4125,26.127501,26.27,24.392525,112126400.0,2016-04-25 09:30:00+00:00,-0.0399511904761904
2016-04-26,25.977501,26.325001,25.977501,26.0875,24.22307,224064800.0,2016-04-26 09:30:00+00:00,-0.025158064516129
2016-04-27,24.0,24.6775,23.92,24.455,22.707241,458408400.0,2016-04-27 09:30:00+00:00,-0.0407885714285713
2016-04-28,24.4025,24.469999,23.5625,23.7075,22.013166,328970800.0,2016-04-28 09:30:00+00:00,-0.1197992592592593
2016-04-29,23.497499,23.68,23.127501,23.434999,21.760138,274126000.0,2016-04-29 09:30:00+00:00,-0.0966875
2016-05-02,23.4925,23.52,23.1,23.41,21.736921,192640400.0,2016-05-02 09:30:00+00:00,-0.1442888888888888
2016-05-03,23.549999,23.934999,23.42,23.795,22.094408,227325200.0,2016-05-03 09:30:00+00:00,0.0558529411764705
2016-05-04,23.799999,23.975,23.455,23.547501,21.864603,164102000.0,2016-05-04 09:30:00+00:00,-0.1218275862068965
2016-05-05,23.5,23.5175,23.17,23.309999,21.77585,143562000.0,2016-05-05 09:30:00+00:00,-0.1614974358974359
2016-05-06,23.342501,23.362499,22.9625,23.18,21.654408,174799600.0,2016-05-06 09:30:00+00:00,-0.0393871794871795
2016-05-09,23.25,23.442499,23.147499,23.1975,21.670759,131745600.0,2016-05-09 09:30:00+00:00,0.0030022222222222
2016-05-10,23.3325,23.3925,23.0275,23.355,21.817886,134747200.0,2016-05-10 09:30:00+00:00,0.2575666666666667
2016-05-11,23.370001,23.3925,23.115,23.127501,21.605364,114876400.0,2016-05-11 09:30:00+00:00,0.047725
2016-05-12,23.18,23.195,22.3675,22.584999,21.098566,305258800.0,2016-05-12 09:30:00+00:00,0.0309166666666666
2016-05-13,22.5,22.9175,22.5,22.629999,21.140608,177571200.0,2016-05-13 09:30:00+00:00,-0.0425469999999999
2016-05-16,23.0975,23.5975,22.9125,23.469999,21.925322,245039200.0,2016-05-16 09:30:00+00:00,-0.0082551724137931
2016-05-17,23.637501,23.674999,23.252501,23.372499,21.834238,187667600.0,2016-05-17 09:30:00+00:00,0.1267593220338982
2016-05-18,23.540001,23.8025,23.4725,23.639999,22.084131,168249600.0,2016-05-18 09:30:00+00:00,0.044246017699115
2016-05-19,23.66,23.66,23.3925,23.549999,22.000053,121768400.0,2016-05-19 09:30:00+00:00,0.1222487394957983
2016-05-20,23.66,23.8575,23.629999,23.805,22.238272,128104000.0,2016-05-20 09:30:00+00:00,0.0732716049382716
2016-05-23,23.967501,24.297501,23.9175,24.1075,22.520861,152074400.0,2016-05-23 09:30:00+00:00,0.0315265536723164
2016-05-24,24.305,24.522499,24.209999,24.475,22.864182,140560800.0,2016-05-24 09:30:00+00:00,0.0194216216216216
2016-05-25,24.6675,24.934999,24.5275,24.905001,23.265877,152675200.0,2016-05-25 09:30:00+00:00,-0.0193020408163265
2016-05-26,24.92,25.182501,24.66,25.102501,23.450378,225324800.0,2016-05-26 09:30:00+00:00,0.0489793103448275
2016-05-27,24.860001,25.1175,24.8125,25.0875,23.436363,145364800.0,2016-05-27 09:30:00+00:00,-0.009535294117647
2016-05-31,24.9,25.1,24.705,24.965,23.321924,169228800.0,2016-05-31 09:30:00+00:00,0.0920333333333333
2016-06-01,24.754999,24.885,24.5825,24.615,22.994963,116693200.0,2016-06-01 09:30:00+00:00,0.0298241379310344
2016-06-02,24.4,24.459999,24.157499,24.43,22.822144,160766400.0,2016-06-02 09:30:00+00:00,-0.1587434782608695
2016-06-03,24.4475,24.567499,24.362499,24.48,22.868847,114019600.0,2016-06-03 09:30:00+00:00,0.0617218749999999
2016-06-06,24.497499,25.4725,24.387501,24.657499,23.034662,93170000.0,2016-06-06 09:30:00+00:00,0.0157333333333333
2016-06-07,24.8125,24.967501,24.74,24.7575,23.128084,89638000.0,2016-06-07 09:30:00+00:00,0.1534625
2016-06-08,24.754999,24.889999,24.67,24.735001,23.107069,83392400.0,2016-06-08 09:30:00+00:00,0.1737210526315789
2016-06-09,24.625,24.997499,24.615,24.9125,23.272882,106405600.0,2016-06-09 09:30:00+00:00,0.0018292682926829
2016-06-10,24.6325,24.8375,24.620001,24.7075,23.081377,126851600.0,2016-06-10 09:30:00+00:00,-0.0529375
2016-06-13,24.672501,24.780001,24.275,24.334999,22.733387,152082000.0,2016-06-13 09:30:00+00:00,0.0801126315789473
2016-06-14,24.33,24.620001,24.1875,24.365,22.761415,127727600.0,2016-06-14 09:30:00+00:00,0.0697400778210116
2016-06-15,24.455,24.602501,24.2575,24.285,22.68668,117780800.0,2016-06-15 09:30:00+00:00,0.016925
2016-06-16,24.112499,24.4375,24.0175,24.387501,22.782436,125307200.0,2016-06-16 09:30:00+00:00,-0.0347866666666666
2016-06-17,24.155001,24.1625,23.825001,23.8325,22.263964,244032800.0,2016-06-17 09:30:00+00:00,-0.0819125
2016-06-20,24.0,24.1425,23.7575,23.775,22.210251,137647600.0,2016-06-20 09:30:00+00:00,-0.0487333333333333
2016-06-21,23.735001,24.0875,23.67,23.977501,22.399418,142185600.0,2016-06-21 09:30:00+00:00,0.0606189189189189
2016-06-22,24.0625,24.2225,23.8375,23.887501,22.315344,116876400.0,2016-06-22 09:30:00+00:00,0.1565357142857142
2016-06-23,23.985001,24.0725,23.8125,24.025,22.443794,128960800.0,2016-06-23 09:30:00+00:00,-0.2526333333333333
2016-06-24,23.227501,23.665001,23.1625,23.35,21.813219,301245600.0,2016-06-24 09:30:00+00:00,-0.2507571428571428
2016-06-27,23.25,23.262501,22.875,23.01,21.495594,181958400.0,2016-06-27 09:30:00+00:00,-0.0519461538461538
2016-06-28,23.225,23.415001,23.035,23.397499,21.857594,161779600.0,2016-06-28 09:30:00+00:00,-0.0291692307692307
2016-06-29,23.4925,23.637501,23.407499,23.6,22.046766,146124000.0,2016-06-29 09:30:00+00:00,0.0061363636363636
2016-06-30,23.610001,23.942499,23.575001,23.9,22.327021,143345600.0,2016-06-30 09:30:00+00:00,0.0
2016-07-01,23.872499,24.1175,23.8325,23.9725,22.394749,104106000.0,2016-07-01 09:30:00+00:00,-0.0980653846153846
2016-07-05,23.8475,23.85,23.615,23.747499,22.184555,110820800.0,2016-07-05 09:30:00+00:00,0.03619
2016-07-06,23.65,23.915001,23.592501,23.8825,22.310671,123796400.0,2016-07-06 09:30:00+00:00,0.1542166666666667
2016-07-07,23.924999,24.125,23.905001,23.985001,22.406425,100558400.0,2016-07-07 09:30:00+00:00,0.18308
2016-07-08,24.122499,24.2225,24.012501,24.17,22.579247,115648400.0,2016-07-08 09:30:00+00:00,-0.1062733333333333
2016-07-11,24.1875,24.4125,24.182501,24.245001,22.649311,95179600.0,2016-07-11 09:30:00+00:00,-0.038676923076923
2016-07-12,24.2925,24.424999,24.280001,24.355,22.752075,96670000.0,2016-07-12 09:30:00+00:00,0.02886
2016-07-13,24.352501,24.4175,24.209999,24.217501,22.623623,103568800.0,2016-07-13 09:30:00+00:00,0.42115
2016-07-14,24.3475,24.747499,24.33,24.6975,23.072033,155676000.0,2016-07-14 09:30:00+00:00,-0.0272307692307692
2016-07-15,24.73,24.825001,24.625,24.695,23.0697,120548000.0,2016-07-15 09:30:00+00:00,0.0335499999999999
2016-07-18,24.674999,25.032499,24.65,24.9575,23.31492,145975600.0,2016-07-18 09:30:00+00:00,0.05722
2016-07-19,24.889999,25.0,24.834999,24.967501,23.324263,95119600.0,2016-07-19 09:30:00+00:00,-0.0405266666666666
2016-07-20,25.0,25.115,24.934999,24.99,23.345284,105104000.0,2016-07-20 09:30:00+00:00,0.0
2016-07-21,24.9575,25.25,24.782499,24.8575,23.221504,130808000.0,2016-07-21 09:30:00+00:00,-0.0481555555555555
2016-07-22,24.815001,24.825001,24.577499,24.665001,23.041672,113254800.0,2016-07-22 09:30:00+00:00,0.001335294117647
2016-07-25,24.5625,24.709999,24.23,24.334999,22.733387,161531600.0,2016-07-25 09:30:00+00:00,-0.015795
2016-07-26,24.205,24.4925,24.105,24.1675,22.576918,224959200.0,2016-07-26 09:30:00+00:00,-0.0651739130434782
2016-07-27,26.067499,26.0875,25.6875,25.737499,24.043583,369379200.0,2016-07-27 09:30:00+00:00,0.0404694444444444
2016-07-28,25.7075,26.112499,25.705,26.084999,24.368214,159479200.0,2016-07-28 09:30:00+00:00,0.063187037037037
2016-07-29,26.047501,26.137501,25.92,26.0525,24.337851,110934800.0,2016-07-29 09:30:00+00:00,0.1569866666666666
2016-08-01,26.102501,26.5375,26.102501,26.512501,24.767578,152671600.0,2016-08-01 09:30:00+00:00,0.1727869565217391
2016-08-02,26.512501,26.5175,26.0,26.120001,24.400913,135266400.0,2016-08-02 09:30:00+00:00,0.0431483870967741
2016-08-03,26.202499,26.459999,26.192499,26.4475,24.706854,120810400.0,2016-08-03 09:30:00+00:00,-0.2063181818181818
2016-08-04,26.395,26.5,26.32,26.467501,24.859488,109634800.0,2016-08-04 09:30:00+00:00,0.0999277777777777
2016-08-05,26.567499,26.9125,26.545,26.870001,25.23753,162213600.0,2016-08-05 09:30:00+00:00,0.1393892857142857
2016-08-08,26.879999,27.092501,26.790001,27.092501,25.446508,112148800.0,2016-08-08 09:30:00+00:00,0.1451090909090908
2016-08-09,27.057501,27.235001,27.002501,27.202499,25.549829,105260800.0,2016-08-09 09:30:00+00:00,-0.0181444444444444
2016-08-10,27.1775,27.225,26.940001,27.0,25.359632,96034000.0,2016-08-10 09:30:00+00:00,0.0122642857142857
2016-08-11,27.129999,27.2325,26.9625,26.9825,25.343191,109938000.0,2016-08-11 09:30:00+00:00,0.1283875
2016-08-12,26.945,27.110001,26.945,27.045,25.401896,74641600.0,2016-08-12 09:30:00+00:00,0.0143714285714285
2016-08-15,27.035,27.385,27.02,27.370001,25.707157,103472800.0,2016-08-15 09:30:00+00:00,0.0385111111111111
2016-08-16,27.407499,27.557501,27.3025,27.344999,25.683668,135177600.0,2016-08-16 09:30:00+00:00,0.0166777777777777
2016-08-17,27.275,27.342501,27.084999,27.305,25.646103,101424000.0,2016-08-17 09:30:00+00:00,0.0397354838709677
2016-08-18,27.307501,27.4,27.254999,27.27,25.613228,87938800.0,2016-08-18 09:30:00+00:00,0.096375
2016-08-19,27.192499,27.422501,27.09,27.34,25.678976,101472400.0,2016-08-19 09:30:00+00:00,-0.13318125
2016-08-22,27.215,27.275,26.9625,27.127501,25.479387,103280800.0,2016-08-22 09:30:00+00:00,0.0713739130434782
2016-08-23,27.147499,27.33,27.1325,27.2125,25.559221,85030800.0,2016-08-23 09:30:00+00:00,0.0179857142857142
2016-08-24,27.1425,27.1875,26.92,27.0075,25.366678,94700400.0,2016-08-24 09:30:00+00:00,0.04515
2016-08-25,26.8475,26.969999,26.67,26.8925,25.258661,100344800.0,2016-08-25 09:30:00+00:00,-0.0025999999999999
2016-08-26,26.852501,26.987499,26.577499,26.735001,25.110729,111065200.0,2016-08-26 09:30:00+00:00,0.1048296296296296
2016-08-29,26.655001,26.860001,26.5725,26.705,25.082554,99881200.0,2016-08-29 09:30:00+00:00,0.0660702702702702
2016-08-30,26.450001,26.625,26.375,26.5,24.890011,99455600.0,2016-08-30 09:30:00+00:00,-0.0237348214285714
2016-08-31,26.415001,26.6425,26.41,26.525,24.913488,118649600.0,2016-08-31 09:30:00+00:00,-0.1091125984251968
2016-09-01,26.535,26.700001,26.405001,26.682501,25.061424,106806000.0,2016-09-01 09:30:00+00:00,-0.1042333333333333
2016-09-02,26.924999,27.0,26.705,26.932501,25.296234,107210000.0,2016-09-02 09:30:00+00:00,-0.0537934782608695
2016-09-06,26.975,27.075001,26.877501,26.924999,25.28919,107521600.0,2016-09-06 09:30:00+00:00,-0.0042559999999999
2016-09-07,26.9575,27.190001,26.7675,27.09,25.444162,169457200.0,2016-09-07 09:30:00+00:00,0.0358212765957446
2016-09-08,26.8125,26.817499,26.309999,26.379999,24.777298,212008000.0,2016-09-08 09:30:00+00:00,0.0528314629258516
2016-09-09,26.16,26.43,25.782499,25.782499,24.216099,186228000.0,2016-09-09 09:30:00+00:00,0.09379
2016-09-12,25.6625,26.43,25.6325,26.360001,24.758516,181171200.0,2016-09-12 09:30:00+00:00,-0.077468
2016-09-13,26.877501,27.1975,26.809999,26.987499,25.347887,248704800.0,2016-09-13 09:30:00+00:00,0.0561
2016-09-14,27.182501,28.2575,27.15,27.942499,26.244867,443554800.0,2016-09-14 09:30:00+00:00,0.0344222222222222
2016-09-15,28.465,28.932501,28.372499,28.8925,27.137156,359934400.0,2016-09-15 09:30:00+00:00,0.0291333333333333
2016-09-16,28.780001,29.032499,28.51,28.73,26.984528,319547600.0,2016-09-16 09:30:00+00:00,0.0173280898876404
2016-09-19,28.797501,29.045,28.3125,28.395,26.669876,188092000.0,2016-09-19 09:30:00+00:00,0.0390927272727272
2016-09-20,28.262501,28.530001,28.127501,28.3925,26.66753,138057200.0,2016-09-20 09:30:00+00:00,0.2337333333333333
2016-09-21,28.4625,28.497499,28.110001,28.387501,26.662834,144012800.0,2016-09-21 09:30:00+00:00,-0.0022862068965517
2016-09-22,28.5875,28.735001,28.5,28.655001,26.914087,124296000.0,2016-09-22 09:30:00+00:00,-0.0399947368421052
2016-09-23,28.605,28.6975,27.887501,28.1775,26.465593,209924800.0,2016-09-23 09:30:00+00:00,0.0145878787878787
2016-09-26,27.91,28.3475,27.887501,28.219999,26.505508,119477600.0,2016-09-26 09:30:00+00:00,0.0374049999999999
2016-09-27,28.25,28.295,28.084999,28.272499,26.554825,98429600.0,2016-09-27 09:30:00+00:00,0.04185
2016-09-28,28.422501,28.66,28.3575,28.487499,26.756763,118564400.0,2016-09-28 09:30:00+00:00,0.28567
2016-09-29,28.290001,28.450001,27.950001,28.045,26.341145,143548000.0,2016-09-29 09:30:00+00:00,0.1909958333333333
2016-09-30,28.115,28.342501,27.950001,28.262501,26.545429,145516400.0,2016-09-30 09:30:00+00:00,0.0079102564102564
2016-10-03,28.1775,28.262501,28.07,28.129999,26.420979,86807200.0,2016-10-03 09:30:00+00:00,-0.0905586956521739
2016-10-04,28.264999,28.577499,28.157499,28.25,26.533686,118947200.0,2016-10-04 09:30:00+00:00,0.0913214285714285
2016-10-05,28.35,28.415001,28.172501,28.262501,26.545429,85812400.0,2016-10-05 09:30:00+00:00,0.0200039215686274
2016-10-06,28.424999,28.584999,28.282499,28.4725,26.74267,115117200.0,2016-10-06 09:30:00+00:00,0.0579548387096774
2016-10-07,28.577499,28.639999,28.377501,28.514999,26.782583,97433600.0,2016-10-07 09:30:00+00:00,0.0648022727272727
2016-10-10,28.754999,29.1875,28.68,29.012501,27.249866,144944000.0,2016-10-10 09:30:00+00:00,0.2154688888888888
2016-10-11,29.424999,29.672501,29.049999,29.075001,27.308571,256164000.0,2016-10-11 09:30:00+00:00,0.1051233333333332
2016-10-12,29.3375,29.495001,29.1875,29.334999,27.552769,150347200.0,2016-10-12 09:30:00+00:00,0.0929184210526315
2016-10-13,29.1975,29.360001,28.93,29.245001,27.468241,140769600.0,2016-10-13 09:30:00+00:00,0.1790157894736842
2016-10-14,29.469999,29.5425,29.282499,29.407499,27.620863,142608800.0,2016-10-14 09:30:00+00:00,-0.0658333333333333
2016-10-17,29.3325,29.459999,29.195,29.387501,27.602079,94499600.0,2016-10-17 09:30:00+00:00,0.0604913043478261
2016-10-18,29.545,29.5525,29.362499,29.3675,27.583296,98214000.0,2016-10-18 09:30:00+00:00,0.0729066666666666
2016-10-19,29.3125,29.440001,28.450001,29.280001,27.50111,80138400.0,2016-10-19 09:30:00+00:00,0.1023625
2016-10-20,29.215,29.344999,29.0825,29.264999,27.487022,96503200.0,2016-10-20 09:30:00+00:00,-0.0497941176470588
2016-10-21,29.202499,29.227501,29.07,29.15,27.379011,92770800.0,2016-10-21 09:30:00+00:00,-0.0844129032258064
2016-10-24,29.275,29.434999,29.25,29.4125,27.625566,94154800.0,2016-10-24 09:30:00+00:00,-0.0216219512195121
2016-10-25,29.487499,29.59,29.327499,29.5625,27.766449,192516000.0,2016-10-25 09:30:00+00:00,0.0783136363636363
2016-10-26,28.577499,28.924999,28.327499,28.897499,27.14185,264536800.0,2016-10-26 09:30:00+00:00,0.1341107692307692
2016-10-27,28.8475,28.965,28.525,28.620001,26.88121,138248000.0,2016-10-27 09:30:00+00:00,0.0019188235294117
2016-10-28,28.467501,28.8025,28.362499,28.43,26.702751,151446800.0,2016-10-28 09:30:00+00:00,0.0091896825396825
2016-10-31,28.4125,28.557501,28.299999,28.385,26.660484,105677600.0,2016-10-31 09:30:00+00:00,0.1359305555555555
2016-11-01,28.365,28.442499,27.6325,27.872499,26.179125,175303200.0,2016-11-01 09:30:00+00:00,0.0312294117647058
2016-11-02,27.85,28.0875,27.807501,27.897499,26.202606,113326800.0,2016-11-02 09:30:00+00:00,-0.1468333333333333
2016-11-03,27.745001,27.865,27.387501,27.4575,25.921747,107730400.0,2016-11-03 09:30:00+00:00,-0.0154666666666666
2016-11-04,27.1325,27.5625,27.0275,27.209999,25.688087,123348000.0,2016-11-04 09:30:00+00:00,-0.0097692307692307
2016-11-07,27.52,27.627501,27.365,27.602501,26.058634,130240000.0,2016-11-07 09:30:00+00:00,0.02119
2016-11-08,27.577499,27.93,27.424999,27.764999,26.212044,97016800.0,2016-11-08 09:30:00+00:00,0.1359
2016-11-09,27.469999,27.83,27.012501,27.719999,26.169559,236705600.0,2016-11-09 09:30:00+00:00,-0.2021
2016-11-10,27.772499,27.772499,26.4575,26.9475,25.440268,228538000.0,2016-11-10 09:30:00+00:00,0.01032
2016-11-11,26.780001,27.217501,26.637501,27.1075,25.59132,136575600.0,2016-11-11 09:30:00+00:00,0.3750076923076922
2016-11-14,26.9275,26.952499,26.02,26.4275,24.949354,204702000.0,2016-11-14 09:30:00+00:00,0.1599176470588235
2016-11-15,26.6425,26.92,26.540001,26.7775,25.279776,129058000.0,2016-11-15 09:30:00+00:00,0.0184071428571428
2016-11-16,26.674999,27.557501,26.65,27.497499,25.959503,235362000.0,2016-11-16 09:30:00+00:00,0.1349307692307692
2016-11-17,27.452499,27.5875,27.2075,27.487499,25.950066,110528000.0,2016-11-17 09:30:00+00:00,0.0485714285714285
2016-11-18,27.43,27.635,27.415001,27.514999,25.976027,113715600.0,2016-11-18 09:30:00+00:00,0.0763391304347826
2016-11-21,27.530001,27.997499,27.502501,27.932501,26.37018,117058400.0,2016-11-21 09:30:00+00:00,0.082876923076923
2016-11-22,27.987499,28.105,27.85,27.950001,26.386698,103862000.0,2016-11-22 09:30:00+00:00,-0.0373384615384615
2016-11-23,27.84,27.877501,27.5825,27.807501,26.252167,109705600.0,2016-11-23 09:30:00+00:00,-0.0120166666666666
2016-11-25,27.782499,27.967501,27.737499,27.9475,26.384338,45903600.0,2016-11-25 09:30:00+00:00,0.053075
2016-11-28,27.8575,28.1175,27.8475,27.8925,26.332415,108776000.0,2016-11-28 09:30:00+00:00,0.1044466666666666
2016-11-29,27.695,28.0075,27.5175,27.865,26.306452,114115200.0,2016-11-29 09:30:00+00:00,-0.0280371428571428
2016-11-30,27.9,28.049999,27.567499,27.629999,26.084597,144649200.0,2016-11-30 09:30:00+00:00,0.1061428571428571
2016-12-01,27.592501,27.735001,27.2575,27.372499,25.841503,148347600.0,2016-12-01 09:30:00+00:00,-0.0506105263157894
2016-12-02,27.2925,27.522499,27.2125,27.475,25.938267,106112000.0,2016-12-02 09:30:00+00:00,0.0580279999999999
2016-12-05,27.5,27.5075,27.0625,27.2775,25.75181,137298000.0,2016-12-05 09:30:00+00:00,0.0524594594594594
2016-12-06,27.375,27.59,27.297501,27.487499,25.950066,104782000.0,2016-12-06 09:30:00+00:00,0.1273653846153845
2016-12-07,27.315001,27.797501,27.290001,27.7575,26.204964,119994800.0,2016-12-07 09:30:00+00:00,0.133553125
2016-12-08,27.715,28.1075,27.65,28.030001,26.462227,108273200.0,2016-12-08 09:30:00+00:00,0.0709533333333333
2016-12-09,28.077499,28.674999,28.077499,28.487499,26.894136,137610400.0,2016-12-09 09:30:00+00:00,0.1442944444444444
2016-12-12,28.3225,28.75,28.122499,28.325001,26.740721,105497600.0,2016-12-12 09:30:00+00:00,-0.016376
2016-12-13,28.459999,28.98,28.4375,28.797501,27.186798,174935200.0,2016-12-13 09:30:00+00:00,-0.0699807692307692
2016-12-14,28.76,29.049999,28.745001,28.797501,27.186798,136127200.0,2016-12-14 09:30:00+00:00,0.0069315789473684
2016-12-15,28.844999,29.182501,28.807501,28.955,27.335484,186098000.0,2016-12-15 09:30:00+00:00,0.0616692307692307
2016-12-16,29.1175,29.125,28.9125,28.9925,27.37089,177404400.0,2016-12-16 09:30:00+00:00,0.1189461538461538
2016-12-19,28.950001,29.344999,28.9375,29.16,27.529018,111117600.0,2016-12-19 09:30:00+00:00,-0.0089890909090909
2016-12-20,29.184999,29.375,29.17,29.237499,27.602188,85700000.0,2016-12-20 09:30:00+00:00,0.0086199999999999
2016-12-21,29.200001,29.35,29.195,29.264999,27.628145,95132800.0,2016-12-21 09:30:00+00:00,-0.0129037037037037
2016-12-22,29.0875,29.127501,28.91,29.0725,27.446415,104343600.0,2016-12-22 09:30:00+00:00,-0.178065
2016-12-27,29.129999,29.450001,29.122499,29.315001,27.675356,73187600.0,2016-12-27 09:30:00+00:00,0.2804125
2016-12-28,29.379999,29.504999,29.049999,29.190001,27.557346,83623600.0,2016-12-28 09:30:00+00:00,0.2535133333333333
2016-12-29,29.112499,29.2775,29.1,29.182501,27.550264,60158000.0,2016-12-29 09:30:00+00:00,0.1083966666666666
